code,iso,Country,EPIcurrent,EPI.baseline,HLT.current,HLT.baseline,AIRcurrent,AIR.baseline,H2O.current,H2O.baseline,HMT.current,HMT.baseline,ECO.current,ECO.baseline,BDH.current,BDH.baseline,FRT.current,FRT.baseline,FSH.current,FSH.baseline,CCE.current,CCE.baseline,APE.current,APE.baseline,WRS.current,WRS.baseline,AGR.current,AGR.baseline,HAD.current,HAD.baseline,PME.current,PME.baseline,PMW.current,PMW.baseline,USD.current,USD.baseline,UWD.current,UWD.baseline,PBD.current,PBD.baseline,MPA.current,MPA.baseline,TBN.current,TBN.baseline,TBG.current,TBG.baseline,SPI.current,SPI.baseline,PAR.current,PAR.baseline,SHI.current,SHI.baseline,TCL.current,TCL.baseline,FSS.current,FSS.baseline,MTR.current,MTR.baseline,DCT.current,DCT.baseline,DPT.current,DPT.baseline,DMT.current,DMT.baseline,DNT.current,DNT.baseline,DBT.current,DBT.baseline,DST.current,DST.baseline,DXT.current,DXT.baseline,WWT.current,WWT.baseline,SNM.current,SNM.baseline
4,AFG,Afghanistan,37.74,31.44,36.76,36.18,44.67,49.52,25.75,13.33,0,0,38.4,28.28,13.44,13.1,99.07,45.15,,,33.04,27.6,91.44,71.44,0,0,44.77,44.77,0,0,71.78,81.08,77.11,83.97,24.88,12.8,26.62,13.86,0,0,,,0.61,0.07,1.26,0.18,3.07,2.59,7,4.44,90.6,94.7,99.07,45.15,,,,,23.47,24.81,,,53.62,28.79,50.1,35.49,67.66,54.01,82.88,66.05,100,76.83,0,0,44.77,44.77
8,ALB,Albania,65.46,56.27,65.67,64.71,65.47,65.78,66.56,63.52,62.89,57.85,65.32,50.65,75.37,44.34,23.36,25.31,58.25,82.73,68.36,54.17,86.07,33.09,80.73,80.73,22.61,22.61,30.95,19.1,88.9,100,88.08,93.8,67.15,63.22,65.97,63.81,62.89,57.85,86.85,77.71,94.46,34.25,94.07,30.62,32.09,12.04,56.94,40.56,81.81,93.64,23.36,25.31,54.73,65.46,61.77,100,53.77,32.28,100,100,73.3,64.46,63.65,49.38,72.61,53.39,83.25,35.32,88.9,30.87,80.73,80.73,22.61,22.61
12,DZA,Algeria,57.18,58.46,80.95,72.15,93.98,84.66,60.26,52.36,35.6,28.24,41.34,49.33,49.33,49.49,9.96,23.49,44.39,55.06,26.94,39.8,46.15,62.85,91.6,91.6,34.26,34.26,87.42,62.16,100,100,96.72,99.33,64.36,54.42,56.17,50.29,35.6,28.24,57.46,57.34,43.41,43.33,46.6,46.31,53.93,52.58,10.06,4.46,80.45,91.36,9.96,23.49,28.21,98.37,60.58,11.75,17.14,53.06,46.35,46.35,37.76,0.07,23.99,32.62,6.93,47.22,83.63,64.36,8.68,61.34,91.6,91.6,34.26,34.26
24,AGO,Angola,37.44,34.12,33.79,32.64,44.66,47.62,9.2,0,40.08,33.77,39.88,35.1,39.19,39.56,21.76,38.1,63.2,72.26,48.86,30.42,57.92,39.11,0,0,22.7,22.7,14.77,4.14,60.72,73,68.46,80.22,9.42,0,8.99,0,40.08,33.77,23.48,23.48,34.14,34.14,37.07,37.07,34.63,34.58,45.09,40.37,88.18,96.67,21.76,38.1,88.05,69.25,38.35,75.28,55,35.63,40.18,40.18,36.11,4.83,63.78,34.38,58.16,37.75,59.85,39.1,55.99,39.13,0,0,22.7,22.7
28,ATG,Antigua and Barbuda,59.18,56.26,76.53,73.37,89.13,85.04,53.33,52.99,52.04,43.88,47.61,44.85,88.49,53.63,,,58.51,76.59,11.26,28.83,46.94,38.44,64.44,64.44,7.26,7.26,72.82,62.61,100,100,100,100,54.69,54.12,51.96,51.87,52.04,43.88,70.01,60.44,100,34.3,100,61.22,,,79.39,63.53,,,,,57.88,80.41,59.13,72.77,0,29.78,,,22.94,15.97,85.88,50.83,47.5,45.02,46.86,42.86,47.03,34.02,64.44,64.44,7.26,7.26
32,ARG,Argentina,59.3,55.11,79.88,74.05,84.57,80.14,73.07,64.65,59.78,51.22,45.58,42.48,55.64,53.98,7.51,10.09,42.26,75.88,46.65,21.48,19.51,32,72.13,72.13,70.69,70.69,65.25,53.56,100,100,94.9,95.72,76.24,65.52,69.9,63.79,59.78,51.22,89.14,81.01,43.46,39.69,55.09,52.15,44.35,43.48,23.41,16.45,68.93,90.76,7.51,10.09,18.56,85.17,65.95,66.59,38.63,30.36,22.41,22.41,80.79,0,70.48,0,63.43,36.3,0.07,28.02,38.95,35.98,72.13,72.13,70.69,70.69
51,ARM,Armenia,62.07,64.26,56.85,52.34,53.55,52.26,61.94,51.01,69.06,61.34,65.56,72.2,79.57,78.46,73.6,55.04,,,49.82,69.91,66.93,87.81,84.51,84.51,33.19,33.19,36.71,24.16,60.04,65.84,69.52,76.15,58.86,48.72,65.02,53.3,69.06,61.34,,,99.99,99.99,100,100,58.27,53.64,27.75,22.35,92.27,98.03,73.6,55.04,,,,,47.73,72.02,49.82,49.82,50.83,78.83,52.35,63.39,64.18,100,97.85,100,36,75.63,84.51,84.51,33.19,33.19
36,AUS,Australia,74.12,70.94,97.95,96,100,97.51,98.44,99.31,68.34,56.47,58.23,54.24,84.64,71.72,10.54,12.85,58.48,60.89,48.18,44.6,38.85,37.23,99.44,99.44,37.79,37.79,100,93.76,100,100,100,100,100,100,96.88,98.62,68.34,56.47,100,98.64,83.66,59.12,77.19,61.26,89.41,77.97,58.72,27.2,87.12,96.06,10.54,12.85,16.96,63.48,100,58.3,48.06,42.68,45.12,45.12,49.6,41.69,44.46,45.21,59.69,72.7,35.8,20.11,41.89,54.35,99.44,99.44,37.79,37.79
40,AUT,Austria,78.97,74.12,86.38,83.96,82.21,81.4,94.63,89.85,91.08,81.95,74.03,67.57,91.69,90.28,27.6,23.31,,,62.79,51.51,86.31,69.8,99.08,99.08,71.34,71.34,86.88,76.51,77.05,84.52,81.13,84.78,90.4,85.54,98.85,94.16,91.08,81.95,,,100,100,100,100,77.44,77.44,94.06,76.45,84.54,90.91,27.6,23.31,,,,,49.89,29.64,65.06,65.06,99,94.98,49.55,44.64,51.13,49.09,92.29,86.43,80.33,53.17,99.08,99.08,71.34,71.34
31,AZE,Azerbaijan,62.33,60.11,48.55,45.86,47.44,49.77,48.53,36.01,63.09,54.09,71.52,69.62,63.15,56.23,74.2,53.84,,,73.44,78.75,95.36,99.99,76.03,76.03,39.76,39.76,30.57,20.78,53.14,66.1,64.22,72.11,45.77,33.48,51.28,38.54,63.09,54.09,,,50.68,42.67,61.95,51.97,83.61,74.91,16.85,11.77,95.91,98.94,74.2,53.84,,,,,99.99,100,37.47,37.47,31.35,66.57,93.74,83.28,100,75.58,93.51,100,97.21,99.98,76.03,76.03,39.76,39.76
44,BHS,Bahamas,54.99,62.67,73.68,72.33,84.19,81.96,55.4,56.62,46.81,41.34,42.52,56.23,86.22,83.74,16.44,29.18,58.04,66.68,18.76,52.7,10.6,30.69,64.44,64.44,7.72,7.72,60.47,54.91,100,100,100,100,57.13,58.61,53.67,54.63,46.81,41.34,78.71,77.94,99.41,99.13,99.42,99.15,65.69,65.69,76.36,53.88,99.39,99.7,16.44,29.18,67.96,93.98,48.12,39.38,0,46.13,,,63.15,65.36,98.53,95.8,24.02,50.84,16.38,31.52,4.82,29.87,64.44,64.44,7.72,7.72
48,BHR,Bahrain,55.15,47.94,65.28,58.12,67.81,59.5,63.06,59.62,45.62,31.28,48.41,41.15,33.26,30.75,,,45.54,51.98,44.31,39.15,59.38,9.41,96.54,96.54,36.22,36.22,73.54,57.03,62.48,56.8,65.5,65.5,66.5,62.41,59.62,56.83,45.62,31.28,83.47,82.1,15.84,12.63,15.84,12.63,,,2.53,0.55,,,,,70.67,81.6,20.4,22.36,29.21,35.58,35.85,35.85,63,21.94,100,97.71,98.66,98.33,84.45,0.09,34.32,18.73,96.54,96.54,36.22,36.22
50,BGD,Bangladesh,29.56,27.64,11.96,7.21,4.12,2.01,28.47,17.93,14.72,10.53,41.29,41.26,53.58,52.58,12.13,32.54,66.86,63.67,46.95,38.15,40.22,51.65,0,0,37.82,37.82,10.31,5.01,0,0,0,0,28.02,17.42,28.92,18.45,14.72,10.53,94.02,90.86,19.35,17.96,81.37,81.05,23.58,21.22,6.54,4.65,92.57,98.94,12.13,32.54,98.13,99.49,35.58,27.84,44.11,39.12,31.44,31.44,65.32,40.57,64.09,37.08,46.83,46.62,52.91,56.87,27.53,46.42,0,0,37.82,37.82
52,BRB,Barbados,55.76,52.66,84.73,84.38,100,100,55.64,55.63,60.69,53.89,36.45,31.52,27.14,25.41,,,46.76,53.04,34.57,20.57,40.21,35.86,64.44,64.44,10.23,10.23,100,100,100,100,100,100,56.35,55.94,54.93,55.31,60.69,53.89,45.6,45.38,6.08,6.08,6.08,6.08,,,74.46,62.75,,,,,42.52,44.04,51,62.04,32.8,18.83,,,30.46,9.79,58.11,57.05,52.2,51.51,43.66,35.84,36.77,35.87,64.44,64.44,10.23,10.23
112,BLR,Belarus,64.98,68.95,69.55,70.08,69.71,72.25,68.66,66.5,72.8,63.39,61.94,68.19,65.61,60.94,15.34,22.52,,,64.73,75.76,72.33,100,97.54,97.54,28.1,28.1,68.5,50.22,69.55,86.03,71.47,87.83,66.13,63.96,71.2,69.03,72.8,63.39,,,62.03,53.94,62.03,53.94,72.6,70.07,40.37,35.67,91.21,95.91,15.34,22.52,,,,,73.1,98.59,39.38,39.38,70.2,59.68,74.98,61.5,50.24,71.55,72.06,100,72.6,100,97.54,97.54,28.1,28.1
56,BEL,Belgium,77.38,77.47,89.37,86.38,88.63,85.93,96.09,93.79,58.6,47.64,69.39,71.52,95.7,94.64,15.61,24.18,46.69,61.04,63.81,67.05,79.02,70.36,98.08,98.08,47.61,47.61,96.74,87.83,79.83,81.79,86.6,87.55,96.26,92.39,95.93,95.19,58.6,47.64,100,100,100,100,100,100,100,100,82.9,68.56,74.09,77.87,15.61,24.18,60.47,59.43,32.91,62.65,51.92,59.84,58.18,58.18,99.03,98.95,47.36,36.85,80.78,77.3,93.08,80.45,64.97,60.28,98.08,98.08,47.61,47.61
84,BLZ,Belize,57.79,60.34,65.09,61.99,74.73,72.47,46.74,42.43,49.86,43,52.93,59.24,93.47,98.11,5.11,16.34,44.27,60.18,45.03,56.28,39.57,30.19,59,59,25.14,25.14,36.82,31.18,100,100,100,100,48.06,42.76,45.42,42.11,49.86,43,100,97.66,100,100,100,100,99.88,99.85,100,100,34.99,86.06,5.11,16.34,58.91,66.54,29.64,53.82,52.03,67.85,,,20.65,20.76,39.87,40.56,49.77,52.14,38.4,33.76,40.74,26.62,59,59,25.14,25.14
204,BEN,Benin,38.17,38.04,36.36,38.05,50.66,55.11,6.37,2.71,30.23,28.4,39.37,38.03,75.08,75.55,3.49,0,48.18,59.98,34.35,25,25.05,30.22,10.7,10.7,31.11,31.11,6.23,3.05,81.35,89.83,79.22,89.79,6.13,2.4,6.62,3.01,30.23,28.4,0,0,100,100,100,100,98.42,96.95,67.73,65.69,86.21,95.91,3.49,0,74.62,82.12,21.74,37.84,29.23,21,23.13,23.13,59.02,34.71,46.82,27.17,19.27,31.46,39.78,42.09,10.32,18.34,10.7,10.7,31.11,31.11
64,BTN,Bhutan,47.22,53.13,35.27,33.64,36.89,38.66,32.6,24.14,30.28,25.36,55.18,66.13,96.3,95.42,59.79,70.36,,,43.76,80.09,48.28,29.41,0,0,33.15,33.15,24.94,12.27,41.52,51.48,48.2,61.02,30.3,21.57,34.9,26.7,30.28,25.36,,,100,100,100,100,99.55,99.54,74.78,64.54,96.51,99.7,59.79,70.36,,,,,29.76,87.25,,,81.53,67.78,82.97,68.87,49.38,40.26,45.77,30.93,50.79,27.88,0,0,33.15,33.15
68,BOL,Bolivia,55.98,53.35,61.64,53.38,70.92,65.89,44.57,28.83,43.51,37.98,52.21,53.33,88.58,88.51,18.38,24.82,,,33.49,30.38,38.72,51.88,63.66,63.66,54.41,54.41,30.12,18,100,100,96.22,95.65,44.96,28.98,44.18,28.68,43.51,37.98,,,97.22,97.14,97.06,96.97,86,85.12,73.36,60.41,74.69,89.24,18.38,24.82,,,,,23.33,38.62,34.36,34.36,54.79,10.27,51.77,14.67,28.1,28.29,56.25,63.5,21.18,40.25,63.66,63.66,54.41,54.41
70,BIH,Bosnia and Herzegovina,41.84,41.13,63.87,66.25,60.37,66,71.54,68.26,63.39,57.51,27.15,24.38,26.93,18.33,49.31,54.57,,,26.8,26.33,30.79,23.5,0,0,33.09,33.09,28.68,21.76,80.39,97.96,82.59,93.02,74.44,68.82,68.63,67.7,63.39,57.51,,,8.1,2.29,13.54,1.74,11.13,0.95,61.68,40.3,88.18,96.36,49.31,54.57,,,,,16.3,20.3,25.09,25.09,51.46,38.69,39.04,37.78,27.86,30.61,19,21.55,42.57,25.46,0,0,33.09,33.09
72,BWA,Botswana,51.7,51.04,37.19,38.27,43.33,49.37,21.8,13.95,49.65,39.94,61.37,59.54,98.31,96.8,57.67,26.93,,,47.24,56.14,42.46,33.81,49.56,49.56,30.36,30.36,24.29,11.49,52.48,72.2,59.58,77.04,21.5,13.25,22.09,14.65,49.65,39.94,,,100,100,100,100,95.29,95.27,100,86.61,95.91,97.27,57.67,26.93,,,,,38.41,51.48,14.56,14.56,100,100,67.73,100,34.72,49.79,52.57,31.92,32.35,35.69,49.56,49.56,30.36,30.36
76,BRA,Brazil,60.7,55.79,67.44,60.9,78.78,73.95,45.91,36.54,49.19,37.38,56.21,52.39,88.17,88.95,12.43,10.57,81.42,50.01,33.24,28.86,37.55,43.83,81.08,81.08,58.83,58.83,55.19,38.89,100,100,89.01,94.66,43.46,34.35,48.37,38.73,49.19,37.38,94.88,94.83,99.88,99.85,99.49,99.34,89.38,88.42,69.8,49.04,44.69,75.6,12.43,10.57,62.84,65.44,100,34.58,21.07,44.29,25.51,25.51,68.37,0.01,54.38,0,24.27,32.25,52.49,52.11,22.6,35.55,81.08,81.08,58.83,58.83
96,BRN,Brunei Darussalam,63.57,64.83,96.66,96.08,98.76,98.67,94.9,94.92,79.92,69.46,41.52,43.99,81.58,83.03,21.47,30.41,50.27,41.35,27.42,30.02,2.51,15.77,39.76,39.76,29.92,29.92,100,96.8,100,100,95.87,99.84,98.88,95.42,90.93,94.41,79.92,69.46,59.2,59.2,100,100,100,100,99.89,99.89,18.34,15.27,79.24,96.82,21.47,30.41,68.93,82.7,31.61,0,2.92,20.45,50.28,50.28,33.21,3.28,95.3,98.53,89.87,83.14,2.62,20.57,2.41,10.96,39.76,39.76,29.92,29.92
100,BGR,Bulgaria,67.85,64.51,69.6,68.02,68.49,67.08,71.26,70.34,74.15,66.32,66.68,62.17,93.39,79.53,34.38,35.56,62.17,35.86,56.04,61.57,52.91,50.99,93.93,93.93,43.68,43.68,41.64,33.41,85.44,89.73,87.33,89.31,76.35,76.67,66.18,64.01,74.15,66.32,98.4,74.58,99.87,80.43,99.79,79.91,100,99.67,54.48,33.41,83.33,92.73,34.38,35.56,54.73,65.46,69.61,6.26,67.1,75.83,35.93,35.93,62.4,62.79,5.35,40.37,51.16,37.79,49.15,57.74,56.66,44.25,93.93,93.93,43.68,43.68
854,BFA,Burkina Faso,42.83,47.34,44.22,40.95,61.85,60.62,8.45,0.38,29.78,28.59,41.91,51.6,85.54,82.7,,,,,26.24,45.66,28.47,54.86,0,0,28.42,28.42,4.63,1.55,100,100,99.99,100,8.19,0.4,8.71,0.36,29.78,28.59,,,92.32,88.23,92.32,88.23,88.94,84.32,51.69,49.02,85.45,91.06,,,,,,,25.38,58.63,,,37.59,19.13,19.24,4.62,0,11.31,30.57,62.08,26.37,47.64,0,0,28.42,28.42
108,BDI,Burundi,27.43,40.59,25.69,26.42,36.92,38.74,0.86,0,28.7,24.79,28.59,50.04,53.67,47.5,25.87,31.59,,,16.18,86.97,38.18,28.6,0,0,21.06,21.06,4.25,0.85,54.01,62.61,63.38,65.38,0.95,0,0.77,0,28.7,24.79,,,46.52,35.79,46.86,36.49,57.45,51.33,37.09,34.79,90.6,98.03,25.87,31.59,,,,,16.26,100,,,17.05,80.9,26.74,15.37,0.99,0.37,41.15,35.53,35.2,21.68,0,0,21.06,21.06
116,KHM,Cambodia,43.23,48.32,39.81,36.83,41.91,44.44,35.26,20.87,39.84,33.72,45.51,55.99,80.53,84.82,0,10.67,49.61,75.11,47.63,66.14,37.52,39.88,0,0,47.46,47.46,7.72,0.1,62.51,70.35,66.9,77.65,34.43,19.49,36.09,22.25,39.84,33.72,68.07,68.07,100,100,100,100,99.04,99.03,45.6,39.71,25.44,74.24,0,10.67,50.57,97.03,48.66,53.2,39.97,78.03,67.36,67.36,49.66,46.09,52.46,51.23,32.43,37.48,43.37,45.23,31.68,34.53,0,0,47.46,47.46
120,CMR,Cameroon,40.81,41.6,39.18,39.15,50.54,54.51,13.45,5.35,45.84,42.33,41.9,43.23,49.56,38.59,22.75,45.58,47.54,64.46,58.53,51.92,33.71,54.56,0,0,31.05,31.05,7.42,4.21,79.1,89.03,79.47,87.06,13.2,5.24,13.7,5.46,45.84,42.33,0,0,57.64,38.94,64,33.15,63.44,54.02,40.3,36.24,85.15,97.42,22.75,45.58,74.62,82.12,20.45,46.8,73.97,72,32.29,32.29,58.59,34.95,25.52,14.91,41.78,34.47,30.07,55.64,37.35,53.48,0,0,31.05,31.05
124,CAN,Canada,72.18,73.1,97.51,97.8,99.28,99.75,94.69,94.4,91.49,92.73,55.29,56.63,83.2,81.76,11.57,14.43,42.23,39.35,39.88,44.86,44.25,46.3,96.35,96.35,61.78,61.78,100,100,100,100,97.59,99.18,89.38,88.81,100,100,91.49,92.73,82.22,78.39,100,100,100,100,71.31,64.77,44.02,36.28,80.91,95,11.57,14.43,51.6,43.15,32.86,35.55,35.38,49.57,67.21,67.21,26.44,9.04,33.86,27.53,35.24,69.04,49.84,38.96,38.66,53.64,96.35,96.35,61.78,61.78
132,CPV,Cabo Verde,56.94,48.17,60.9,56.09,70.81,67.12,40.66,33.58,53.47,47.81,54.3,42.9,20.67,20.35,,,62.23,60.62,69.56,37.01,72.99,70.41,82.2,82.2,21.9,21.9,27.03,17.8,100,100,100,100,39.9,32.47,41.42,34.69,53.47,47.81,0,0,13.26,13.03,13.26,13.03,25.56,25.37,2.69,0.58,99.85,100,,,70.49,77.76,53.96,43.47,64.12,26.61,,,88.79,66.79,82,49.93,56.23,50.55,73.64,67.69,72.33,73.13,82.2,82.2,21.9,21.9
140,CAF,Central African Republic,36.42,45.46,29.16,32.14,42.93,47.67,0,0,25.01,23.07,41.26,54.33,89.6,89.47,43.52,55.14,,,17.55,48.78,40.31,52.92,0,0,21.83,21.83,0,0,68.91,76.83,74.2,82.09,0,0,0,0,25.01,23.07,,,100,100,100,100,84.15,84.14,49.99,47.95,98.48,99.55,43.52,55.14,,,,,24.33,68.78,,,0.4,1.32,0.35,0.38,8.39,6.88,48.21,64.55,32.41,41.3,0,0,21.83,21.83
148,TCD,Chad,45.34,42.48,41.36,40.56,60.82,59.9,0.32,0,34.67,32.45,47.99,43.75,72.22,71.7,9.46,32.01,,,49.62,27.49,78.57,85.58,0,0,28.9,28.9,2.52,0,100,100,99.36,99.68,0.25,0,0.38,0,34.67,32.45,,,68.09,68.09,77.36,77.36,83.64,82.69,28.36,20.55,91.21,96.82,9.46,32.01,,,,,55.08,30.24,,,36.24,15.04,34.03,25.76,42.23,40.59,78.88,87.18,78.25,83.98,0,0,28.9,28.9
152,CHL,Chile,57.49,59.79,73.73,71.53,69.22,68.44,79.61,74.78,97.15,92.27,46.66,51.96,69.79,59.32,10.83,17.37,51.01,53.11,37.37,40.94,3.37,63.22,98.55,98.55,32.52,32.52,65.17,51.27,70.97,81.71,72.86,78.06,79.41,73.36,79.81,76.21,97.15,92.27,100,56.92,61.65,60.72,43.29,41.69,67.31,61.92,65.19,54.47,88.18,96.21,10.83,17.37,55.85,63.31,46.18,42.91,26.05,57.32,11.13,11.13,84.75,35.57,74.68,24.6,28.62,34.33,5.42,66.63,1.32,59.81,98.55,98.55,32.52,32.52
156,CHN,China,50.74,45.13,31.72,22.13,14.39,7.33,68.24,52.71,38.02,31.04,63.42,60.46,72.57,74.31,21.89,31.44,70.41,64.38,68.62,51.59,57.08,70.72,80.2,80.2,34.64,34.64,25.85,13.95,1.05,0,12.44,5.84,66.82,50.43,69.66,55,38.02,31.04,89.28,88.95,67.65,67.53,83.05,82.95,72.21,71.43,29.46,26.95,71.81,94.39,21.89,31.44,90.52,84.07,50.3,44.7,63.24,42.08,45.59,45.59,99,67.37,99.89,76.37,61.84,82.9,60.12,75.34,54.05,66.1,80.2,80.2,34.64,34.64
170,COL,Colombia,65.22,59.22,71.05,64.67,77.01,72.96,59.96,49.06,60.12,50.43,61.33,55.6,81.37,73.03,27.88,28.29,92.93,53.74,50.1,47.29,56.76,67.47,77.21,77.21,9.6,9.6,44.78,34.52,100,100,97.01,97.18,63.79,51.3,56.12,46.82,60.12,50.43,88.43,87.23,82.84,65.35,78.16,66.33,84.27,72.63,77.84,58.33,68.48,88.94,27.88,28.29,85.87,71.88,100,35.61,44.35,71.72,29.47,29.47,78.62,13.18,78.08,19.83,48.13,38.22,59.62,72.55,53.89,62.4,77.21,77.21,9.6,9.6
174,COM,Comoros,44.24,37.26,47.06,43.8,64.38,62.73,10,3.36,44.3,40.43,42.37,32.89,55.8,22.85,12.66,62.58,57.81,51.18,49.44,25.27,30.02,46.92,26.32,26.32,18.05,18.05,10.95,6.83,100,100,100,100,9.37,3.01,10.63,3.71,44.3,40.43,55.3,55.3,55.8,3.8,55.8,3.8,72.18,8.32,20.47,17.9,59.39,68.18,12.66,62.58,73.57,67.72,42.05,34.64,57.09,19.52,,,30.41,38.73,49.05,45.34,18.77,31.86,33.35,46.67,26.68,47.17,26.32,26.32,18.05,18.05
188,CRI,Costa Rica,67.85,63.16,76.44,72.19,84.43,80.12,62.78,59.22,54.45,46.89,62.13,57.13,87.71,88.76,28.49,22.89,69.69,54.14,59.29,47.72,58.15,61.44,64.78,64.78,6.04,6.04,61.08,50.3,100,100,100,100,68.08,63.23,57.48,55.21,54.45,46.89,80.49,80.49,94.39,94.39,87.09,87.09,98.86,98.86,82.97,72.88,72.42,93.03,28.49,22.89,71.96,60.85,67.41,47.44,58.7,38.7,79.09,79.09,56.64,44.71,55.75,58.72,0.07,13.44,64.39,55.22,51.91,67.65,64.78,64.78,6.04,6.04
384,CIV,CÃ´te d'Ivoire,45.25,48.67,39.55,42.14,53.88,59.65,9.53,6.32,33.42,29.48,49.05,53.02,83.66,87.88,0,11.15,59.69,66.97,38.57,40.59,51.38,56.02,44.63,44.63,19.83,19.83,5.15,2.23,86.69,100,86.04,95.86,9.53,6.16,9.53,6.47,33.42,29.48,69.89,65.37,100,100,100,100,99.45,99.45,66.61,64.61,31.35,84.54,0,11.15,74.62,82.12,44.75,51.83,39.2,55.61,37.24,37.24,39.41,14.69,60.67,35.86,12.1,12.19,63.77,64.21,38.99,47.83,44.63,44.63,19.83,19.83
191,HRV,Croatia,65.45,63.29,67.04,71.68,64.07,72.23,70.01,68.82,87.84,81.75,64.39,57.69,95.25,76.37,34.36,37.84,54.55,60.6,54.41,41.83,43.23,51.62,86.58,86.58,47.68,47.68,48.68,39.68,72.84,96.06,75.83,91.79,74.08,73.22,65.94,64.43,87.84,81.75,99.04,81.89,100,74.09,100,69.23,99.99,90.55,65.62,36.6,88.79,95.61,34.36,37.84,92.25,86.14,16.85,35.06,57.84,43.21,62.12,62.12,45.56,33.33,56.38,22.58,22.73,0.06,49.32,59.76,37.14,43.48,86.58,86.58,47.68,47.68
192,CUB,Cuba,63.42,66.32,75.76,71.82,86.47,81.95,57.5,55.34,46.03,39.07,55.2,62.65,74.37,71.26,14.72,20.27,49.23,59.76,49.15,70.68,75.32,76.92,72.52,72.52,13.59,13.59,66.18,54.87,100,100,100,100,58.2,55.65,56.8,55.03,46.03,39.07,94.2,89.09,60.75,56.53,65.31,62.2,79.17,79.14,49.29,40.99,95.61,97.73,14.72,20.27,34.23,39.93,64.23,79.6,44.48,89.15,33.45,33.45,62.9,54.31,55.53,72.28,97.24,98.74,59.67,57.59,90.98,96.25,72.52,72.52,13.59,13.59
196,CYP,Cyprus,72.6,69.54,87.96,88.41,87.5,90.66,92.35,89.06,67.57,55.27,62.37,56.95,81.66,69.67,36.06,53.5,52.55,51.95,66.26,54.38,49.65,44.31,79.34,79.34,6.29,6.29,90.12,78.27,85.49,100,86.02,97.84,92.35,87.94,92.34,90.18,67.57,55.27,68.14,61.27,100,70.05,100,70.05,99.55,99.04,21.21,13.19,59.99,82.72,36.06,53.5,26.64,3.9,78.47,100,62.53,39.65,45.11,45.11,92.22,96.94,56.04,48.01,94.5,74.77,56.67,44.74,42.62,43.87,79.34,79.34,6.29,6.29
203,CZE,Czech Republic,67.68,70.36,68.69,72.13,65.77,70.26,69.98,73.24,98.82,89.74,67.01,69.18,94.96,93.79,17.8,21.76,,,54.65,54.17,57.07,77,95.77,95.77,62.17,62.17,72.86,62.99,56.56,72.3,65.55,77.92,75,79.56,64.96,66.92,98.82,89.74,,,100,100,100,100,100,100,72.89,60.81,86.82,89.54,17.8,21.76,,,,,59.61,63.45,44.24,44.24,60.13,51.21,41.66,36.57,37.81,30.57,57.5,100,56.64,53.99,95.77,95.77,62.17,62.17
180,COD,Dem. Rep. Congo,30.41,33.24,19.7,26.93,22.57,36.28,10.01,4.58,40.47,39.47,37.56,37.44,67.79,62.57,14.43,30.25,,,34.26,37.93,40.16,25.33,0,0,22.39,22.39,5.97,3.29,31.83,53.71,35.45,62.86,9.8,4.47,10.21,4.68,40.47,39.47,,,70.4,59.43,70.32,59.33,71.39,64.9,40.36,37.66,77.72,95.61,14.43,30.25,,,,,17.7,35.59,100,100,22.42,0.46,17.25,0.53,1.31,0.38,48.66,36.44,31.66,14.21,0,0,22.39,22.39
208,DNK,Denmark,81.6,78.76,98.2,95.53,99.16,96.05,97.78,97.52,88.3,76.75,70.53,67.58,94.48,93.99,12.74,13.17,50.75,39.74,67.56,61.85,71,70.4,98.45,98.45,67.02,67.02,99.75,90.22,100,100,97.53,99.89,99.13,97.12,96.43,97.92,88.3,76.75,100,100,100,100,100,100,100,100,51.51,45.05,93.33,94.85,12.74,13.17,51.54,39.18,49.96,40.3,69.4,59.43,65.72,65.72,73.72,65.52,40.37,52.09,59,65.61,96.8,90.02,45.21,50.78,98.45,98.45,67.02,67.02
262,DJI,Djibouti,40.04,34.84,52.89,48.25,69.73,66.92,19.3,10.8,35.47,30.36,31.47,25.9,28.88,24.52,,,47.92,46.91,46.4,35.26,11.01,6.22,0,0,25.79,25.79,25.18,17.3,100,100,98.85,100,19.52,10.78,19.08,10.81,35.47,30.36,70.18,70.18,7.85,0.51,7.85,0.51,7.71,0.61,10.83,7.84,90.76,93.79,,,74.62,82.12,21.22,11.71,43.69,39.36,,,60.06,26.39,54.26,25.17,21.92,23.47,11.65,6.61,10.36,5.82,0,0,25.79,25.79
212,DMA,Dominica,59.38,54.69,69.45,66.56,80.39,76.5,50.64,50.23,40.18,35.28,52.67,46.78,79.21,78.94,54.93,54.42,51.06,62.68,51.78,34.87,31.59,12.91,35.78,35.78,0,0,50.97,41.25,100,100,100,100,51.03,49.79,50.25,50.66,40.18,35.28,58.92,58.92,81.31,81.31,86.99,86.99,,,100,98.14,,,54.93,54.42,58.27,65.13,43.84,60.24,51.23,34.26,,,50.22,30.68,63.77,59.89,53.59,35.24,39.35,24.5,23.82,1.31,35.78,35.78,0,0
214,DOM,Dominican Republic,64.71,59.12,64.86,60.47,77.96,74.92,42.4,35.13,29.34,24.75,64.61,58.22,87.06,88.35,10.42,12.05,74.5,66.87,61.27,49.56,65.46,39.51,90.17,90.17,8.11,8.11,44.9,37.3,100,100,100,100,45.1,36.11,39.7,34.14,29.34,24.75,97.28,97.28,82.81,79.43,97.55,97.07,96.45,96.22,58.36,51.51,64.08,91.97,10.42,12.05,95.65,92.45,53.35,41.3,67.64,57.86,42.08,42.08,62.15,41.28,66.09,17.03,65.89,62.05,66.52,37.79,64.39,41.23,90.17,90.17,8.11,8.11
218,ECU,Ecuador,57.42,54.65,72.58,65.22,82.97,76.93,52.2,41.98,59.87,52.43,47.31,47.6,84.08,83.66,28.22,33.75,62.01,64.75,46.8,43.33,25.92,32.04,0,0,12.76,12.76,57.48,42.41,100,100,99.93,99.87,50.12,41.86,54.28,42.11,59.87,52.43,100,100,91.16,90.99,72.01,71.56,85.38,84.61,69.78,49.72,73.93,92.57,28.22,33.75,68.98,53.67,55.04,75.83,36.32,42.19,46.63,46.63,70.96,41.98,58.1,41.81,44.23,48.39,30.44,32.57,21.4,31.51,0,0,12.76,12.76
818,EGY,Egypt,61.21,56.71,68.61,63.86,88.88,85.2,32.78,25.49,20.03,16.72,56.28,51.94,62.39,52.26,44.95,54.82,37.92,59.96,55.68,37.73,47.55,51.43,86.32,86.32,46.15,46.15,82.79,63.12,94.35,100,91.55,99.83,31.46,24.58,34.09,26.41,20.03,16.72,91.36,89.08,72.34,41.29,44.06,33.37,48.05,44.3,15.3,7.42,96.97,99.09,44.95,54.82,69.88,58.23,5.96,61.7,51.56,32.48,45.92,45.92,67.94,34.75,68.16,40.82,74.33,66.4,34.97,45.92,60.13,56.94,86.32,86.32,46.15,46.15
222,SLV,El Salvador,53.91,45.74,63.99,58.21,76.15,71.35,42.34,34.43,35.85,30.09,47.19,37.42,69.06,32.77,23.99,11.41,0,51.96,63.47,46.88,28.11,31.5,50.5,50.5,12.5,12.5,40.51,28.41,100,100,99.81,99.96,40.27,32.94,44.4,35.92,35.85,30.09,80.59,74.37,63.45,0.66,55.72,0.25,83.09,28,40.95,26.14,83.94,95,23.99,11.41,0,27.98,0,75.94,68.81,47.48,60.04,60.04,62.53,35.22,55.33,34.69,35.75,47.17,23.42,28.71,32.79,34.28,50.5,50.5,12.5,12.5
226,GNQ,Equatorial Guinea,60.4,64.51,49.66,45.97,57.18,57,31.89,21.64,58.55,48.65,67.55,76.86,87.76,88.53,20.76,47.75,64.46,74.22,70.08,88.21,99.97,100,52.51,52.51,16.38,16.38,18.98,10.3,78.41,87.76,86.88,88.49,32.7,21.63,31.09,21.64,58.55,48.65,72.18,72.18,100,100,100,100,99.48,99.45,52.49,45.79,81.81,96.21,20.76,47.75,84.87,87.06,44.06,61.39,65.62,99.99,,,72.01,41.6,99.09,100,95.85,97.89,99.94,100,100,100,52.51,52.51,16.38,16.38
232,ERI,Eritrea,39.34,37.7,46.12,43.1,64.88,62.64,7.09,2.41,36.46,33.35,34.81,34.09,27.52,27.37,,,94.09,38.13,29.57,44.4,43.47,48.83,0,0,36.51,36.51,12.8,6.59,100,100,99.2,100,6.92,2.26,7.26,2.57,36.46,33.35,0,0,28.6,28.6,28.07,28.07,24.54,23.99,15.49,13.29,97.27,99.09,,,88.19,76.26,100,0,46.26,78.14,0.89,0.89,23.12,16.03,7.91,2.72,24.86,36.21,40.88,48.2,46.06,49.47,0,0,36.51,36.51
233,EST,Estonia,64.31,71.21,73.24,69.69,78.87,73.92,58.45,58.49,88.82,81.93,58.35,72.22,92.39,93.1,4.56,12.37,76.04,62.34,33.62,70.42,54.29,86.7,96.42,96.42,40.75,40.75,47.2,34.89,100,100,99.97,99.88,57.61,58.25,59.29,58.73,88.82,81.93,100,100,100,100,100,100,100,100,46.02,37.63,77.87,93.33,4.56,12.37,98.57,87.14,53.52,37.53,27.24,87.38,33.22,33.22,45.84,65.62,35.02,64.49,48.67,74.64,48.27,96.38,60.31,77.02,96.42,96.42,40.75,40.75
231,ETH,Ethiopia,44.78,42.46,32.8,38.23,43.66,56.07,9.35,1.57,32.22,26.15,52.77,45.28,78.99,77.29,29.39,41.49,,,64.18,37.42,37.81,42.79,0,0,35.52,35.52,7.57,0.81,63.4,94.7,72.04,91.12,8.68,1.32,10.02,1.83,32.22,26.15,,,86.18,84.22,80.7,77.8,82.14,79.97,38.41,36.34,95.45,98.03,29.39,41.49,,,,,72.7,31.05,100,100,33.48,7.08,18.05,3.55,4.53,6.1,47.28,55.47,28.34,30.11,0,0,35.52,35.52
242,FJI,Fiji,53.09,48.84,61.7,58.75,70.36,67.08,39.93,38.2,79.74,73.82,47.35,42.23,46.45,44.19,29.72,45.97,64.97,78.69,56.91,33.59,17.73,12.16,64.8,64.8,18.78,18.78,25.89,17.7,100,100,100,100,42.29,40.65,37.57,35.76,79.74,73.82,82.67,81.67,25.84,17.74,26.53,23.83,48.66,47.92,8.63,2.03,88.48,97.58,29.72,45.97,73.33,79.96,56.6,77.43,58.66,29.77,,,56.49,43.89,52.94,42.22,37.98,37.3,20.81,12.96,14.65,11.37,64.8,64.8,18.78,18.78
246,FIN,Finland,78.64,79.29,99.35,94.91,99,94.3,100,95.91,100,96.74,64.83,68.88,89.25,91.2,5.98,9.15,61.11,91.13,62.33,61.19,49.1,54.95,97.01,97.01,49.97,49.97,97.5,85.76,100,100,100,100,100,93.89,100,97.93,100,96.74,100,100,100,100,100,100,96.13,95.27,39.23,35.86,61.05,85.6,5.98,9.15,95.02,95.01,27.2,87.25,53.97,48.1,60.17,60.17,91.26,91.18,44.58,58.75,56.55,78.78,51.88,58.28,46.32,51.61,97.01,97.01,49.97,49.97
250,FRA,France,83.95,80.67,95.71,91.67,95.97,91.07,97.22,96.22,83.29,72.08,76.11,73.34,96.25,94.63,25.08,26.86,57.71,52.79,70.46,65.7,96.82,90.67,95.56,95.56,67.77,67.77,99.26,89.56,95.46,93.5,92.1,90.65,95.77,93.23,98.66,99.21,83.29,72.08,100,96.99,100,100,100,100,99.97,99.97,74.05,59.18,88.48,93.18,25.08,26.86,78.37,68,37.05,37.58,57.58,50.2,92.56,92.56,83.95,76.74,51.05,48.71,76.37,86.2,95.62,89.17,98.01,92.17,95.56,95.56,67.77,67.77
266,GAB,Gabon,45.05,42.4,43.04,39.21,51.5,49.15,22.23,15.93,57.99,49.63,46.39,44.52,86.17,81.84,38.22,52.89,58.15,65.38,30.71,38.61,53.75,0.34,0,0,12.36,12.36,34.07,20.73,60.59,66.35,65.66,69.84,21.64,15.38,22.81,16.48,57.99,49.63,81.34,79.71,89.66,87.41,93.93,86.4,95.1,88.33,45.18,36.19,96.51,98.48,38.22,52.89,48.05,89.33,68.25,41.43,22.47,48.47,21.68,21.68,59.97,29.36,44.81,74.06,18.04,9.22,39.12,0.03,68.39,0.66,0,0,12.36,12.36
270,GMB,Gambia,42.42,40.53,47.99,45.42,63.14,62.06,16.8,10.98,38.15,35.85,38.72,37.27,43.12,43.12,,,49.94,54.98,36.67,30.42,41.36,42.1,26.32,26.32,26.02,26.02,7.84,5.14,100,100,100,100,16.34,10.62,17.27,11.34,38.15,35.85,59.81,59.81,23.57,23.5,31.64,31.62,33.43,33.16,44.32,40.49,90,94.54,,,74.62,82.12,25.26,27.84,45.83,40.37,,,6.07,1.16,40.63,15.87,26.81,22.78,50.52,52.27,32.21,31.92,26.32,26.32,26.02,26.02
268,GEO,Georgia,55.69,58.1,57.1,53.42,54.93,52.96,59.93,52.75,68.28,63.34,54.75,61.23,62.33,51.94,86.2,67.84,27.36,32.73,48.41,69.11,48.55,90.15,81.51,81.51,5.7,5.7,22.1,14.83,73.81,76.29,79.83,80.47,56.8,50.72,63.06,54.78,68.28,63.34,80.97,80.97,48.17,34.2,47.17,32.34,66.51,46.42,42.37,32.9,95.3,98.64,86.2,67.84,54.73,65.46,0,0,28.36,75.3,72.7,72.7,67.42,54.72,52.67,40.3,71.41,79.25,33.38,96.33,63.72,83.97,81.51,81.51,5.7,5.7
276,DEU,Germany,78.37,78.23,88.68,88.19,84.09,84.05,96.74,96.59,100,91.51,71.5,71.59,96.92,95.86,34.99,31.94,47.71,45.14,55.47,58.04,93.3,94.81,99.65,99.65,61.21,61.21,85.03,76.17,81.8,89.25,85.12,89.37,95.36,94.82,98.11,98.36,100,91.51,100,100,100,100,100,100,100,100,83.28,70.57,85.91,88.03,34.99,31.94,36.89,49.59,58.54,40.69,41.41,49.21,37.27,37.27,99.38,97.71,57.9,36.93,90.9,91.82,88.16,90.82,98.44,98.79,99.65,99.65,61.21,61.21
288,GHA,Ghana,49.66,47.81,44.42,42.6,52.37,54.89,26.52,15.86,48.46,43.28,53.15,51.29,77.96,78.55,0,12.18,55.19,69.63,57.59,45.32,40.5,30.63,53.73,53.73,28.76,28.76,10.23,5.31,79.03,88.1,81.89,87.78,26.05,15.39,26.99,16.33,48.46,43.28,67.12,67.12,78.96,78.96,82.74,82.74,90.27,90.27,57.2,55.2,84.24,92.12,0,12.18,57.06,78.19,53.33,61.08,54.11,52.53,46.09,46.09,79.52,32.32,72.55,34.52,35.71,32.87,43.33,26.95,37.67,34.3,53.73,53.73,28.76,28.76
300,GRC,Greece,73.6,75.72,91.03,89.62,89.23,87.81,100,100,60.77,50.98,61.98,66.44,90.89,90.38,33.42,34.26,63.74,67.25,42.17,54.9,46.41,49.81,97.72,97.72,49.5,49.5,88.17,77.65,90.77,96.74,89.09,92.41,100,100,100,100,60.77,50.98,86.03,85.18,100,100,100,100,100,100,47.3,36.61,89.54,96.82,33.42,34.26,46.53,65.64,80.95,68.86,41.93,48.79,44.22,44.22,46.9,78.28,0.19,54.31,59.46,65.69,50.32,47.26,42.5,52.36,97.72,97.72,49.5,49.5
308,GRD,Grenada,50.93,48.36,69.82,66.32,82.88,78.23,48.26,47.73,29.37,23.07,38.34,36.38,56.78,46.32,36.44,12.11,44.76,45.25,21.61,41.33,30.55,1.82,64.44,64.44,0.76,0.76,57.2,45.57,100,100,100,100,48.77,47.25,47.74,48.21,29.37,23.07,61.02,52.66,52.9,46.07,35.2,19.92,,,99.19,86.99,,,36.44,12.11,58.27,65.13,31.25,25.38,15.3,44.26,,,27.03,30.72,86.54,84.09,23.42,0,35.16,0,25.94,3.64,64.44,64.44,0.76,0.76
320,GTM,Guatemala,52.33,49.33,54.97,49.48,68.3,64.66,29.5,19.69,34.42,30.9,50.57,49.23,65.13,70.38,0.77,3.86,59.62,58.31,57.46,44.88,30.23,39.66,72.59,72.59,14.55,14.55,21.57,11.99,100,100,98.92,99.55,28.21,18.74,30.78,20.65,34.42,30.9,81.95,81.84,79.52,79.09,50.5,49.17,74.37,71.81,78.61,68.87,0,71.06,0.77,3.86,80.07,66.53,39.18,50.1,55.55,43.06,60.89,60.89,64.25,38.84,54.25,29.74,39.01,38.33,31.57,34.37,28.9,44.94,72.59,72.59,14.55,14.55
324,GIN,Guinea,46.62,46.78,45.02,41.62,60.77,60,12.79,3.14,33.56,33.67,47.69,50.22,83.29,81.87,0,30,58.92,69.76,37.24,33.07,31.6,32.18,51.13,51.13,30.5,30.5,2.16,0,100,100,99.68,100,12.69,3.09,12.89,3.18,33.56,33.67,78.98,78.98,99.71,92.78,93.64,87.95,89.32,88.62,26.74,24.28,82.88,97.73,0,30,96.2,89.67,21.63,49.85,48.89,43.79,,,12.16,10.16,9.95,6.35,1.75,1.21,39.66,40.73,23.55,23.63,51.13,51.13,30.5,30.5
624,GNB,Guinea-Bissau,44.67,41.94,43.6,40.16,60.5,60,10.01,0,25.37,23.16,45.38,43.13,85.77,87.67,0,23.3,36.45,65.42,53.23,27.88,32.8,29.25,0,0,20.94,20.94,1.26,0,100,100,100,100,9.61,0,10.42,0,25.37,23.16,99.03,99.02,96.64,94.14,99.62,99.35,78.01,78.01,42.17,39.61,68.93,96.06,0,23.3,39.85,94.81,33.04,36.02,66.94,32.64,,,23.41,18.82,11.95,6.86,21.9,18.59,38.82,35.72,26.78,22.79,0,0,20.94,20.94
328,GUY,Guyana,47.93,43.42,61.55,55.59,75.49,71.44,38.67,28.85,17.58,9.98,38.86,35.3,54.32,33.1,48.62,62.84,52.86,65.23,34.82,37.86,32.14,13.9,0,0,29.4,29.4,38.71,28.61,100,100,100,100,40.6,28.9,36.74,28.8,17.58,9.98,33.89,33.89,50.45,12.12,51.06,12.15,39.01,19.48,100,79.81,94.39,95.91,48.62,62.84,61.32,62.23,44.4,68.22,31.63,46.18,,,37.25,13.64,43.99,13.32,60.54,42.71,32.86,19.5,31.42,8.29,0,0,29.4,29.4
332,HTI,Haiti,33.74,30.59,45.24,42.16,62.21,60.7,15.45,9.02,3.46,0,26.08,22.88,14.39,17.83,8.29,28.59,62.75,60.01,42.53,17.97,20.76,36.25,0,0,10.83,10.83,5.52,1.75,100,100,100,100,15.04,8.69,15.87,9.34,3.46,0,0,0,1.58,1.58,2.86,2.86,23.13,23.13,45.42,38.94,43.32,84.24,8.29,28.59,86.81,98.23,38.7,21.8,60.02,20.77,6.34,6.34,41.26,20.53,38.46,18.9,21.62,25.44,28.8,46.65,12.71,25.85,0,0,10.83,10.83
340,HND,Honduras,51.51,47.97,55.95,51.38,68.9,66.64,34.06,24.8,19.01,12.52,48.54,45.7,84.11,82.67,3.59,17.02,54.38,62.57,46.02,30.79,17.68,16.95,56.32,56.32,10.21,10.21,22.25,16.6,100,100,100,100,33.85,24.19,34.26,25.41,19.01,12.52,94.12,85.37,88.66,81.3,94.35,81.46,93.18,90.12,77.28,67.01,23.17,83.18,3.59,17.02,76.1,80.93,32.66,44.21,47.93,26.63,45.02,45.02,44.2,22.34,47.37,32.27,36.73,47.89,23.43,22.09,11.93,11.81,56.32,56.32,10.21,10.21
348,HUN,Hungary,65.01,68.93,57.67,66.06,52.3,64.77,66.26,68.32,75.88,69.32,69.9,70.84,91.7,89.79,11.64,17.62,,,61.68,62.36,75.22,80.37,93.42,93.42,69.15,69.15,42.86,35.34,52.56,83.33,64.63,85.44,67.84,68.97,64.68,67.67,75.88,69.32,,,100,100,100,100,100,100,45.26,28.96,88.33,89.39,11.64,17.62,,,,,65.45,72.65,49.66,49.66,66.35,56.85,64.01,33.72,50.92,60.96,95.18,99.95,55.26,60.79,93.42,93.42,69.15,69.15
352,ISL,Iceland,78.57,74.49,98.41,95.47,98.55,94.85,100,100,86.99,76.42,65.34,60.51,75.77,47.4,,,39.3,42.42,61.96,66.02,49.11,61.22,94.47,94.47,59.78,59.78,96.39,87.13,100,100,100,100,100,100,100,100,86.99,76.42,75.62,75.2,68.5,25.15,68.5,25.15,81.01,36.02,70.41,50.99,100,100,,,36.11,38.61,42.48,46.23,51.59,60.45,100,100,50.52,53.16,50.75,39.06,70.51,64.33,7.39,33.7,90.83,88.74,94.47,94.47,59.78,59.78
356,IND,India,30.57,30.59,9.32,5.36,5.75,4.42,15.8,5.98,16.77,13.78,44.74,47.41,49.13,49.46,23.54,36.01,59.37,73.1,44.77,41.67,37.49,46.51,58.83,58.83,21.98,21.98,12.69,5.49,0,0,2.26,7.42,16.06,5.92,15.53,6.04,16.77,13.78,79.19,79.19,30.03,29.64,36.04,35.81,51.34,48.93,12.36,10.16,85.75,97.27,23.54,36.01,86.3,92.49,32.45,53.71,38.82,45.97,17.66,17.66,80.1,50.9,67.49,46.88,48.7,52.7,32.6,41.97,42.37,51.05,58.83,58.83,21.98,21.98
360,IDN,Indonesia,46.92,45.49,45.44,48.44,52.04,61.72,31.41,21.42,43.84,37.88,47.9,43.53,70.4,70.94,0.01,12.73,62.54,64.6,53.43,38.59,47.62,32.27,13.6,13.6,37.98,37.98,25.2,14.39,67.03,98.01,72.85,88.54,32.94,21.17,29.88,21.67,43.84,37.88,90.87,84.03,69.82,65.83,75.84,72.54,77.57,76.04,29.69,24.31,46.05,88.18,0.01,12.73,76.11,87.93,48.96,41.27,58.29,39.46,28.25,28.25,64.9,44.81,62.46,40.6,50.63,44.39,44.02,27.16,51.21,37.38,13.6,13.6,37.98,37.98
364,IRN,Iran,58.16,55.62,74.01,68.36,85.12,79.25,58.74,54.4,21.21,10.56,47.59,47.12,51.89,51.77,91.8,72.8,45.73,77.25,35.93,27.04,20.07,29.9,64.32,64.32,32.91,32.91,84.14,68.07,86.08,87.58,85.46,85.82,62.45,57.28,55.03,51.51,21.21,10.56,81.95,81.95,41.05,41.04,36.91,36.9,45.59,45.58,12.15,8.53,95.76,98.18,91.8,72.8,77.63,54.51,13.82,100,27.64,27.19,30.89,30.89,52.78,20.24,78.8,27.82,28.7,36.44,31.66,51.45,8.49,8.35,64.32,64.32,32.91,32.91
368,IRQ,Iraq,43.2,41.3,61.46,51.2,72.91,60.92,41.05,33.61,35.11,30.45,31.02,34.71,28.39,13.33,,,,,19.73,44.66,36.33,28.64,70.21,70.21,22.96,22.96,54.89,40.27,84.04,71.99,85.8,77.38,41.69,34.54,40.41,32.67,35.11,30.45,,,8.62,1.52,49.47,1.06,4.73,0.98,3.48,0,98.03,99.55,,,,,,,7.18,75.74,0,0,57.46,11.68,65.1,69,27.83,20.07,44.77,37.93,27.89,19.34,70.21,70.21,22.96,22.96
372,IRL,Ireland,78.77,76.83,95.92,92.07,95.78,91.22,100,99.21,73.18,60.3,67.34,66.66,88.63,80.26,8.78,7.71,71.14,67.42,54.16,63.52,87.23,78.15,91.19,91.19,61.94,61.94,89.46,78.05,100,100,100,100,100,98.42,100,100,73.18,60.3,89.32,82.51,86.62,71.22,86.62,71.22,99.95,99.94,64.46,55.94,96.82,96.82,8.78,7.71,76.24,71.19,66.05,63.64,61.69,65.75,51.74,51.74,32.42,62.03,39.66,73.37,89.91,84.41,86.01,79.69,88.45,76.61,91.19,91.19,61.94,61.94
376,ISR,Israel,75.01,70.44,94.14,91.84,95.67,92.75,92.03,92.39,86.92,76.61,62.25,56.17,59.33,57.6,29.26,22.32,85.34,69.04,57.09,50.62,75.82,61.97,99.49,99.49,26.03,26.03,92.19,82.77,100,100,95.96,98.82,89.53,89.43,94.54,95.34,86.92,76.61,58.29,56,77.62,75.63,52.9,48.66,60.8,55.1,17.64,12.81,76.51,92.42,29.26,22.32,70.67,81.6,100,56.49,48.52,38.7,42.6,42.6,74,72.89,90.41,69.05,99.71,94.3,87.06,70.93,64.59,53.01,99.49,99.49,26.03,26.03
380,ITA,Italy,76.96,75.17,85.88,88.44,80.56,85.35,100,100,70.23,59.24,71.02,66.32,94.1,93.38,30.96,41.58,37.99,46.11,65.14,49.63,88.55,71.17,97.53,97.53,49.03,49.03,92.69,83.16,69.67,88.06,75.28,85.56,100,100,100,100,70.23,59.24,95.77,95.58,100,100,100,100,99.98,99.79,60.57,47.91,88.94,95.15,30.96,41.58,17.27,30.03,58.71,62.19,55.89,30.16,58.02,58.02,94.86,93.56,69.34,25.54,63.03,59.09,86.99,71.58,90.12,70.77,97.53,97.53,49.03,49.03
388,JAM,Jamaica,58.58,55.84,68.48,66.61,78.74,76.1,51.04,50.7,39.72,38.76,51.98,48.66,83.12,85.86,24.03,19.08,29.07,64.11,52.26,30.37,21.03,16.55,76.99,76.99,8.32,8.32,46.85,40.26,100,100,100,100,49.67,50.41,52.4,50.98,39.72,38.76,80.28,80.15,84.71,84.45,95.27,95.18,99.94,99.93,57.89,51.15,52.87,88.03,24.03,19.08,18.48,33.07,39.66,95.15,62,20.93,25.08,25.08,65.73,58.31,45.78,43.69,16.16,20.79,14.69,0,27.38,33.09,76.99,76.99,8.32,8.32
392,JPN,Japan,74.69,76.81,92.99,93.57,90.78,91.49,96.6,96.98,100,100,62.48,65.64,90.34,92.52,37.89,42.21,36.79,53.76,45.08,49.93,72.34,62.55,94.06,94.06,45.41,45.41,100,100,82.76,84.09,86.49,87.56,100,98.75,93.21,95.21,100,100,97.6,97,100,100,100,100,99.19,99.05,41.63,38.23,68.18,94.85,37.89,42.21,20.15,43.13,53.42,64.4,24.43,35.27,16.8,16.8,98.94,98.44,98.86,95.24,95.4,89.61,62.89,58.83,81.78,66.27,94.06,94.06,45.41,45.41
400,JOR,Jordan,62.2,58.95,86.69,83.38,99.61,99.95,68.82,59.2,25.98,13.11,45.87,42.66,23.85,21.32,,,,,46.84,48,78.6,55.73,81.74,81.74,13.03,13.03,100,100,100,100,98.72,99.83,75.63,62.21,62,56.19,25.98,13.11,,,6.92,4.11,8.96,4.86,25.65,21.38,15.74,11.38,91.97,98.48,,,,,,,42.14,38.89,27.74,27.74,61.12,82.77,65.35,58.74,94.62,70.31,73.25,52.22,83.94,59.23,81.74,81.74,13.03,13.03
398,KAZ,Kazakhstan,54.56,56.38,66.7,60.93,68.41,65.81,62.89,51.49,67.5,54.25,46.46,53.35,30.73,26.92,59.52,45.17,,,47.82,70.12,47.07,66.07,79.83,79.83,22.85,22.85,33.25,20.05,93.58,99.54,90.11,93.08,59.12,48.36,66.66,54.62,67.5,54.25,,,19.2,14.65,23.75,18.78,28.33,22.43,6.13,4.71,97.12,98.94,59.52,45.17,,,,,40.7,76.38,45.52,45.52,69.46,77.69,89.36,50.55,0.01,95.23,42.95,54.25,51.2,77.89,79.83,79.83,22.85,22.85
404,KEN,Kenya,47.25,46.99,42.96,42.52,62.93,62.91,0.63,0,37.36,32.63,50.12,49.96,79.01,78.27,15.51,15.27,49.81,34.99,51.37,51.14,29.04,45.09,41.57,41.57,27.25,27.25,13.77,9.53,100,100,91.39,96.98,0.41,0,0.84,0,37.36,32.63,81.42,80.76,81.38,80.37,80.71,76.1,89.56,87.79,38.78,36.43,85.15,96.21,15.51,15.27,64.38,32.66,35.24,37.32,54.48,61.98,62.16,62.16,43.05,26.66,35.48,23.42,26.3,24.36,30.38,46.1,27.69,44.08,41.57,41.57,27.25,27.25
296,KIR,Kiribati,55.26,43.03,48.48,46.26,61.85,60.87,20.89,16.1,40.21,37.26,59.78,40.89,85.71,72.46,,,73.64,48.8,43.71,17.59,54.35,20.61,58.45,58.45,12.38,12.38,4.61,2.17,100,100,100,100,21.24,16,20.54,16.2,40.21,37.26,100,53.6,100,100,100,100,,,0,0,,,,,97.36,74.73,49.93,22.87,44.2,14.92,,,42.51,24.06,39.76,23.72,45.56,23.09,53.11,21.92,55.58,19.29,58.45,58.45,12.38,12.38
414,KWT,Kuwait,62.28,48.87,70.55,61.32,75.17,62.7,65.79,64.47,39,24.49,56.77,40.57,86.33,33.88,,,64.88,68.37,31.78,31.14,22.66,6.4,96.88,96.88,30.75,30.75,94.66,70.72,57.27,48.92,67.1,65.77,68.79,67.42,62.79,61.52,39,24.49,83.97,67.45,100,18.13,100,18.13,95.33,16.33,13.16,2.79,91.51,95.91,,,70.67,81.6,59.09,55.15,7.32,16.91,40.82,40.82,53.69,23.73,99.85,97.71,84.48,97.71,22.82,0,22.51,12.8,96.88,96.88,30.75,30.75
417,KGZ,Kyrgyzstan,54.86,54.38,54.78,49.5,59.49,55.48,44.74,36.99,53.74,46.76,54.92,57.64,74.02,73.79,99.81,60.85,,,32.5,45.39,21.41,46.74,65.61,65.61,49.82,49.82,22.34,10.67,83.08,84.72,85.44,85.98,41.2,34.42,48.28,39.57,53.74,46.76,,,72.72,72.49,79.89,79.71,81.77,81.58,30.09,26.38,93.33,96.36,99.81,60.85,,,,,17.71,42.8,59.24,59.24,43.38,36.49,39.53,30.21,22.88,66.75,29.5,38.54,13.32,54.95,65.61,65.61,49.82,49.82
418,LAO,Laos,42.94,37.22,25.15,24.28,23.37,28.67,27.59,14.46,33.69,26.09,54.8,45.86,76.77,85.43,0,22.75,,,77.39,44.29,52.56,26.99,0,0,33.06,33.06,4.41,0,33.75,43.26,38.28,52.31,26.05,13.32,29.12,15.6,33.69,26.09,,,93.54,93.54,96.61,96.61,92.57,92.53,43.59,37.9,5.13,80.15,0,22.75,,,,,84.57,45.82,,,64,40.52,60,41.95,47.74,40.37,53.05,26.52,52.08,27.46,0,0,33.06,33.06
428,LVA,Latvia,66.12,73.68,72.8,69.46,77.66,74.23,60.62,58.32,82.78,74.28,61.66,76.49,92.05,91.01,3.67,6.28,50.65,63.38,42.89,83.91,84.31,96.88,96.3,96.3,45.68,45.68,45.95,36.25,100,100,97.58,99.08,59.27,57.44,61.96,59.2,82.78,74.28,100,89.57,100,100,100,100,99,98.98,46.9,40.4,75.6,92.57,3.67,6.28,40,92.77,61.3,33.99,40.48,99.97,58.57,58.57,36.7,81.25,22.75,64.85,49.26,54.51,91.55,93.77,77.07,99.99,96.3,96.3,45.68,45.68
422,LBN,Lebanon,61.08,59.13,83.25,83.82,95.18,98.46,60.31,56.76,65.9,55.79,46.3,42.67,30.11,27.1,25.15,26.25,85.34,53.29,43.86,44.7,55.29,54.94,76.47,76.47,27.83,27.83,100,100,91.36,100,92.56,94.87,66.01,62.54,54.62,50.97,65.9,55.79,24.56,24.56,16.99,13,16.99,13,40.04,29.47,19.53,14.13,84.39,96.82,25.15,26.25,70.67,81.6,100,24.99,30.15,63.97,24.36,24.36,86.18,15.48,63.44,52.1,70.05,42.88,51.97,49.84,58.62,60.04,76.47,76.47,27.83,27.83
426,LSO,Lesotho,33.78,30.98,29.78,37.53,42.18,55.67,2.86,0,30.06,26.82,36.45,26.62,17.43,17.08,,,,,44.79,26.54,58.26,35.24,37.28,37.28,36.27,36.27,6.82,2.36,60.78,91.14,70.72,91.28,2.71,0,3.01,0,30.06,26.82,,,1.41,1.41,1.41,1.41,12.17,12.17,15.25,8.96,94.24,97.73,,,,,,,40.12,26.57,,,62.06,28.5,53.88,22.82,32.07,21.96,59.86,34.36,56.65,36.13,37.28,37.28,36.27,36.27
430,LBR,Liberia,41.62,30.35,43.73,41.89,62.49,61.89,4.79,0,33.59,33.15,40.21,22.65,34.35,35.52,0,26.3,70.9,65.23,73.11,6.64,15.49,15.77,0,0,21.03,21.03,7.23,4.72,100,100,98.64,100,5.16,0,4.43,0,33.59,33.15,66.63,64.65,12.95,12.04,36.59,35.94,22.46,21.75,25.04,22.98,41.2,63.48,0,26.3,80.6,84.75,61.19,45.71,82.34,1.37,,,64.39,18.59,51.19,38.6,0.74,0.61,30.53,30.79,0.46,0.75,0,0,21.03,21.03
434,LBY,Libya,49.79,51.54,81.8,74.02,96.67,87.32,54.93,50.2,49.67,44.18,28.45,36.54,20.72,20.43,,,47.5,49.98,11.87,35.16,34.38,35.6,74.57,74.57,24.39,24.39,91.71,68.29,100,100,99.96,100,54.39,48.02,55.48,52.37,49.67,44.18,39.72,39.72,1.24,1.24,6.02,6.02,5.35,5.29,4.8,0.53,97.73,99.24,,,26.15,99.96,68.85,0,0,40.85,54.58,54.58,0,4.83,4.31,38.85,14.7,18.28,38.24,34.8,30.52,36.4,74.57,74.57,24.39,24.39
440,LTU,Lithuania,69.33,75.23,72.57,72.74,77.97,79.6,58.51,56.85,86.63,78.9,67.18,76.88,93.83,88.23,7.75,14.5,57.83,68,62.46,83.03,59.73,92.16,93.49,93.49,62.01,62.01,66.17,58.18,84.72,95.41,86.97,92.34,57.32,55.69,59.69,58.01,86.63,78.9,100,98.23,99.58,86.68,99.58,86.68,99.94,99.92,49.56,42.51,90.6,96.82,7.75,14.5,54.73,65.46,60.94,70.54,60.5,99.54,64.52,64.52,64.34,77.05,76.27,47.98,52.46,51.04,67.58,99.77,51.89,84.55,93.49,93.49,62.01,62.01
442,LUX,Luxembourg,79.12,75.62,95.07,92.83,93.62,91.84,99.3,97.88,88.55,75.46,68.48,64.15,96.54,95.37,18.77,39.52,,,58.53,42.6,61.82,52.82,99.76,99.76,38.06,38.06,96.17,84.9,94.17,99.23,89.68,93.7,100,98.11,98.59,97.64,88.55,75.46,,,100,100,100,100,100,100,95.52,77.52,76.81,85.45,18.77,39.52,,,,,49.31,20.99,44.08,44.08,98.87,99.01,68.01,50.15,37.61,19.51,99.29,99.53,24.35,6.1,99.76,99.76,38.06,38.06
807,MKD,Macedonia,61.06,56.82,67.43,64.86,66.43,65.64,69.16,63.11,70.11,65.19,56.82,51.46,64.85,63.62,30.62,32.52,,,63.85,47.66,56.99,58.51,52.07,52.07,35.99,35.99,30.74,22.34,90.78,96.11,89.67,92.91,69.78,63.29,68.53,62.93,70.11,65.19,,,45.96,44.82,68.59,67.63,79.84,78.6,53.94,37.35,76.06,89.54,30.62,32.52,,,,,78.51,61.01,31.87,31.87,63.97,29.77,70.71,52.53,37.91,43.93,52.45,44.08,61.53,72.94,52.07,52.07,35.99,35.99
450,MDG,Madagascar,33.73,42.16,42.39,40.55,61.04,60.26,4.04,0.25,30.08,26.03,27.96,43.24,43.17,45.89,0,14.88,62,72.96,16.23,57.05,41.21,38.95,0,0,39.5,39.5,2.59,0.66,100,100,100,100,3.6,0,4.47,0.49,30.08,26.03,77.43,67.77,34.24,29.91,27.36,22.8,64.07,57.39,25.51,21.33,0,81.81,0,14.88,84.41,95.19,39.58,50.73,14.4,74.4,,,22.11,17.87,18.68,12.73,15.91,15.08,45.59,43.1,36.83,34.8,0,0,39.5,39.5
454,MWI,Malawi,49.21,46.53,39.93,37.76,54.79,55.42,8.28,0.5,36.52,31.81,55.39,52.37,91.89,91.82,5.52,20.03,,,64.88,56.54,51.51,35,0,0,34.26,34.26,7.18,2.03,85.5,92.56,87.58,89.47,7.89,0.35,8.67,0.65,36.52,31.81,,,98.11,98.11,99.2,99.2,93.66,93.66,60.44,55.77,92.73,96.82,5.52,20.03,,,,,76.76,71.52,,,46.77,26.47,18.82,14.98,17.11,8.59,54.33,41.85,48.69,28.16,0,0,34.26,34.26
458,MYS,Malaysia,59.22,57.02,66.63,67.85,69.32,72.79,63,61.16,53.42,43.75,54.28,49.81,76.68,84.53,0,1.9,64.19,69.06,47.68,23.56,45.61,46.87,82.3,82.3,31.86,31.86,76.26,57.15,61.14,82.07,68.22,84.36,70.62,67.21,55.37,55.12,53.42,43.75,79.66,78.8,100,100,100,100,93.14,93.1,21.26,18.44,0,83.03,0,1.9,74.13,90.51,54.24,47.6,40.89,17.11,30.6,30.6,66.12,27.58,88.8,25.32,68.99,42.1,32.81,47.08,58.41,46.65,82.3,82.3,31.86,31.86
462,MDV,Maldives,52.14,47.2,73.23,65,81.73,72.42,57.62,52.03,56.39,46.34,38.09,35.34,23.61,19.33,,,66.65,74.17,44.71,47.52,30.05,0.05,39.76,39.76,26.33,26.33,54.33,31.05,100,100,100,100,59.88,51.81,55.36,52.25,56.39,46.34,61.36,57.17,6.84,3.17,6.84,3.17,,,15.17,8.25,,,,,86.26,98.56,47.04,49.79,24.33,33.85,,,99.69,91.71,99.23,98.66,55.53,11.08,37.37,0.08,22.73,0.02,39.76,39.76,26.33,26.33
466,MLI,Mali,43.71,42.93,43.72,41.96,63.41,62.14,2.69,0,33.94,31.27,43.7,43.58,61.6,59.06,4.17,11.01,,,55.47,52.03,53.03,61.81,0,0,31.34,31.34,8.52,5.36,100,100,100,100,2.68,0,2.71,0,33.94,31.27,,,43.49,41.41,70.53,69.26,75.59,71.86,16.62,8.98,96.97,98.48,4.17,11.01,,,,,69,64.91,,,24.64,22.24,9.86,7.01,34.96,35.78,55.59,64.4,50.46,59.22,0,0,31.34,31.34
470,MLT,Malta,80.9,76.29,93.8,90.14,94.4,89.5,100,100,48.74,39.42,72.3,67.06,87.77,75,,,56.49,73.06,67.04,59.55,57.32,48.01,100,100,32.62,32.62,85.99,73.74,100,100,100,100,100,100,100,100,48.74,39.42,96.94,55.88,100,100,100,100,,,20.54,13.21,,,,,86.29,96.61,26.69,49.51,59.76,47.15,54.27,54.27,93,79.84,89.91,90.31,64.3,92.81,69.28,39.59,45.37,56.44,100,100,32.62,32.62
478,MRT,Mauritania,39.24,38.65,50.01,45.4,66.23,63.73,14.67,5.41,51.25,47.06,32.05,34.16,31.65,31.33,,,42.82,53.39,39.84,43.26,32.58,31.51,0,0,28.82,28.82,15.57,9.33,100,100,100,100,13.97,4.96,15.37,5.85,51.25,47.06,92.72,92.72,3.7,3.65,3.06,3,8.41,7.23,6.37,1.04,94.39,99.09,,,82.7,91.62,2.93,15.15,40.26,52.08,,,38.2,21.18,40.78,18.32,39.6,32.92,42.67,40.11,22.49,22.91,0,0,28.82,28.82
480,MUS,Mauritius,56.63,46.65,77.45,72.53,85.88,79.8,61.05,59.8,66.37,54.44,42.75,29.4,38.28,38.08,27.23,26.65,57.3,54.46,48.06,14.09,27.74,0.03,73.12,73.12,4.51,4.51,64.7,49.49,100,100,100,100,69.35,66.59,52.74,53.01,66.37,54.44,29.66,29.66,32.82,31.12,32.82,31.12,54.09,52.93,15.74,10.28,68.33,80.91,27.23,26.65,68.22,62.66,46.37,46.26,47.8,8.6,27.31,27.31,67.12,5.22,68.49,44.3,37.13,21.42,27.76,0,27.72,0.05,73.12,73.12,4.51,4.51
484,MEX,Mexico,59.69,52.26,66.04,58.86,71.9,65.89,57.58,47.43,40.46,35.91,55.46,47.85,74.68,64.32,19.6,23.19,46.66,56.62,46.84,27.3,52.73,47.69,91.48,91.48,33.73,33.73,49.11,40.9,87.69,81.51,86.51,83.61,57.68,47.75,57.49,47.12,40.46,35.91,100,86.92,81.34,60.75,83.74,64.38,59.14,53.74,31.06,20.25,67.27,91.36,19.6,23.19,62.16,78.31,31.15,34.93,47.68,33.09,40.21,40.21,53.91,0.03,44.23,9.67,39.33,44.46,77.85,62.8,27.61,32.57,91.48,91.48,33.73,33.73
583,FSM,Micronesia,49.8,48.57,59.88,56.9,67.08,64.68,46.39,42.59,47.4,41.64,43.07,43.02,27.6,22.32,100,100,50,58.52,35.17,33.11,54.96,65.31,39.76,39.76,23.03,23.03,17.69,11.7,100,100,100,100,48.14,43.45,44.63,41.73,47.4,41.64,51.75,51.7,25.9,15.96,16.98,10.47,,,3.93,0,,,100,100,0,92.63,100,24.42,22.29,31.87,,,65.76,29.91,74.08,32.84,54.2,63.52,57.72,64.46,52.2,66.16,39.76,39.76,23.03,23.03
498,MDA,Moldova,51.97,54.27,60.29,62.75,59.92,66.22,61.02,56.43,60.77,55.55,46.42,48.61,31.05,29.24,31.08,56.76,,,47.9,44.59,59.02,67.54,83.06,83.06,46.51,46.51,45.65,27.03,68.56,95.22,70.31,89.47,58.2,53.99,63.83,58.88,60.77,55.55,,,20.71,18.93,23.05,21.48,29.75,28.98,21.12,14.08,80.3,81.06,31.08,56.76,,,,,45,39.28,43.03,43.03,59.18,54.89,47.12,50.61,52.02,56.65,60.68,79.23,57.36,55.85,83.06,83.06,46.51,46.51
496,MNG,Mongolia,57.51,52.83,61.97,58.69,64.3,60.82,60.54,59.1,40.31,28.46,54.54,48.93,75.28,65.68,28.94,9.74,,,53.98,50.72,41.66,44.07,63,63,14.35,14.35,13.19,4.18,100,100,96.75,97.15,57.38,55.44,63.69,62.76,40.31,28.46,,,77.48,69.05,73.27,58.4,86.27,72.42,34.37,27.52,93.79,98.18,28.94,9.74,,,,,54.29,46.55,24.91,24.91,79.86,84.12,78.69,66.4,38.96,46.38,46.88,46.19,36.43,41.94,63,63,14.35,14.35
499,MNE,Montenegro,61.33,50.61,72.61,71.64,69.28,70.03,78.61,74.72,79.89,74.11,53.81,36.59,73.77,41.78,30.77,48.66,36.18,52.25,46.85,14.09,59.22,31.31,81.67,81.67,10.57,10.57,27.75,25.46,99.37,100,94.56,99.49,83.3,77.78,73.92,71.66,79.89,74.11,45.79,45.79,71.98,0,86.3,0,93.75,93.03,66.59,46.11,75.45,94.09,30.77,48.66,54.73,65.46,17.63,39.04,45.95,0,25.1,25.1,61.65,34.19,96.38,40.31,34.11,4.34,66.02,38.51,52.43,24.11,81.67,81.67,10.57,10.57
504,MAR,Morocco,63.47,57.06,67.43,59.62,81.39,75.81,42.24,29.35,37.03,30.66,60.82,55.35,88.43,82.41,29.57,22.39,57.39,57.46,49.66,40.67,50.69,45.09,85.38,85.38,30.25,30.25,57.8,39.67,100,100,94.25,99.82,45.41,31.02,39.06,27.68,37.03,30.66,70.41,67.83,99.91,99.91,99.68,99.68,98.14,83.93,67.58,29.4,80.45,91.97,29.57,22.39,93.06,90.56,21.72,24.36,44.84,38.19,32.99,32.99,70.62,51.56,62.51,33.66,67.96,59.65,43.78,36.65,57.61,53.53,85.38,85.38,30.25,30.25
508,MOZ,Mozambique,46.37,48.49,46.36,42.63,61.43,59.78,16.18,7.83,31.6,28.45,46.37,52.41,90.47,84.39,10.62,21.53,50.73,72.96,23.49,36.8,48.45,50.92,45.65,45.65,23.27,23.27,8.07,4.2,100,100,93.99,93.67,15.97,7.65,16.4,8.01,31.6,28.45,89.06,74.67,97.83,91.03,98.53,94.74,85.35,82.93,72.23,61.54,90.91,95.61,10.62,21.53,77.96,79.28,23.51,66.65,34.77,67.42,0.01,0.01,29.06,14.89,4.95,0.94,0.95,1.16,60.36,60.95,36.53,40.89,45.65,45.65,23.27,23.27
104,MMR,Myanmar,45.32,44.85,35.6,31.75,36.57,37.06,31.76,19.28,46.02,37.49,51.8,53.58,42.74,44.05,9.69,33.46,70.26,63.72,76.26,78.72,76.15,66.05,0,0,52.64,52.64,12.85,3.49,44.44,55.06,60.33,63.83,31.44,18.44,32.07,20.13,46.02,37.49,61.19,61.19,36.2,34.49,27.1,26.24,43.34,43.2,24.29,19.06,67.42,91.21,9.69,33.46,78.26,95.5,62.27,31.95,87.09,96.95,69,69,63.36,52.97,63.5,60.85,61.43,56.27,77.42,69.34,74.88,62.76,0,0,52.64,52.64
516,NAM,Namibia,58.46,55.99,46.34,44.46,60.6,60.76,15.5,10.65,46.1,35.44,66.54,63.68,95.75,83.69,,,58.11,64.77,59.78,59.95,46.92,44.22,69.91,69.91,10.32,10.32,16.94,8.06,91.28,100,88.13,91.78,15.32,10.6,15.68,10.69,46.1,35.44,86.93,42,100,96.75,100,96.87,98.71,94.49,100,81.49,86.21,95.15,,,86.48,87.83,29.75,41.71,45.21,59.24,99.83,99.83,60.9,33.19,51.36,28.72,49.36,45.92,33.38,42.5,60.47,45.94,69.91,69.91,10.32,10.32
524,NPL,Nepal,31.44,32,10.54,5.6,3.94,2.39,23.54,10.97,18.43,15.01,45.38,49.61,68.52,61.76,63.09,58.5,,,35.11,52.75,49.58,56.26,0,0,38.16,38.16,9.85,3.43,0,3.4,0,0,23.72,10.98,23.37,10.96,18.43,15.01,,,76.27,65.36,45.86,38.75,83.04,75.95,40.39,34.55,97.42,99.39,63.09,58.5,,,,,27.81,71.34,50.62,50.62,40.74,21.57,36.39,31.27,22.33,21.59,58.03,58.54,41.14,53.99,0,0,38.16,38.16
528,NLD,Netherlands,75.46,75.9,92.26,89.86,89.68,86.79,98.26,98.76,89.8,76.37,64.25,66.6,80.13,79.36,35.79,35.78,34.6,57.62,52.55,55.73,96.56,89.41,99.9,99.9,35.39,35.39,100,88.44,80.58,83.55,85.01,87.84,98.85,97.52,97.67,100,89.8,76.37,100,100,66.62,66.18,66.62,66.18,99.82,99.81,57.5,49.69,77.72,79.54,35.79,35.78,46.72,55.34,22.48,59.9,37.68,50.25,36.52,36.52,85.54,84.9,87.37,37.15,98.7,89.31,98.72,98.71,94.4,80.1,99.9,99.9,35.39,35.39
554,NZL,New Zealand,75.96,72.12,95.96,93.29,98.99,95.28,93.37,94.18,72.08,62.19,62.63,58.01,91.84,88.54,10.33,15.84,57.4,49.98,55.78,46.31,52.1,44.42,96.16,96.16,26.74,26.74,97.47,88.19,100,100,100,100,97.29,95,89.45,93.35,72.08,62.19,100,89.41,90.07,86.61,88.03,83.87,96.93,96.54,87.44,74.81,80.91,97.73,10.33,15.84,57.85,49.48,56.96,50.49,49.69,40.78,77.28,77.28,48.61,28.46,55,28.4,60.07,67.06,52.29,28.22,51.92,60.63,96.16,96.16,26.74,26.74
558,NIC,Nicaragua,55.04,50.31,62.2,56.81,72.09,68.98,41.96,31.37,54.99,51.22,50.27,45.98,85.68,91,5.73,9.93,67.97,67.11,58.63,40.62,30.65,25.15,0,0,16.44,16.44,30.24,22.45,100,100,100,100,40.51,29.57,43.42,33.17,54.99,51.22,91.16,91.16,94.6,93.6,95.79,95.01,96.85,96.28,100,90.97,0,66.96,5.73,9.93,61.41,77.91,74.52,56.31,64.03,43.61,61.05,61.05,48.12,18.87,44.48,19.43,51.14,37.21,31.91,28.69,29.4,21.6,0,0,16.44,16.44
562,NER,Niger,35.74,42.37,41.94,40.45,61.22,60,2.44,0,28.37,29.05,31.61,43.65,85.74,75,10.17,0,,,6.36,53.93,31.11,33.83,0,0,19.51,19.51,3.16,0,100,100,99.85,100,2.19,0,2.68,0,28.37,29.05,,,100,87.84,100,86.54,79.29,66.99,37.64,19.24,89.7,98.03,10.17,0,,,,,0,97.25,26.25,26.25,4.83,0,1.28,0,1.62,1.03,37.9,46.53,24.33,21.13,0,0,19.51,19.51
566,NGA,Nigeria,54.76,49.74,36.64,34.6,48.08,49.01,7.75,0,61.39,54.96,66.84,59.82,71.64,70.73,,,69.17,62.66,73.85,60.58,84.51,69.96,30.76,30.76,32.93,32.93,13.76,8.2,67.96,74.33,73.96,78.1,8.74,0,6.76,0,61.39,54.96,53.05,53.05,78.55,76.69,72.6,68.91,88.44,85.44,47.5,44.89,83.63,94.24,,,85.21,90.57,53.12,34.75,95.14,79.5,37.04,37.04,64.47,44.32,70.54,46.66,49.11,44.51,84.38,73.91,84.65,66,30.76,30.76,32.93,32.93
578,NOR,Norway,77.49,76.14,97.86,94.42,97.14,92.9,99.65,99.28,96.44,85.16,63.91,63.96,88.96,74.55,22.08,30.67,68.73,68.95,63.58,68.17,24.76,38.72,96.11,96.11,28.51,28.51,92.86,82.24,100,100,100,100,100,98.55,99.29,100,96.44,85.16,80.7,75.11,95.68,70.36,95.73,70.43,91.14,78.33,70.51,58.59,92.57,98.48,22.08,30.67,85.96,83.74,51.49,54.16,38.59,51.01,96.51,96.51,99.01,98.38,62.96,20.94,40.63,52.75,31.58,28.63,17.94,48.8,96.11,96.11,28.51,28.51
512,OMN,Oman,51.32,45.15,75.98,66.07,86.19,72.52,62.84,60.93,22.06,12.93,34.88,31.2,34.81,33.57,,,50.41,60.82,32.71,19.32,0.65,0.37,68.37,68.37,18.7,18.7,70.42,40.66,98.67,95.63,94.73,91.91,68.14,67.16,57.54,54.7,22.06,12.93,67.63,67.63,15.13,14.56,13.87,12.36,25.36,22.15,4.7,2.5,99.39,99.85,,,93.7,98.3,7.11,23.33,0,0,48.86,48.86,76.07,13.4,93.62,87.54,60.76,49.74,0.55,0.01,0.74,0.72,68.37,68.37,18.7,18.7
586,PAK,Pakistan,37.5,33.74,16.8,14.46,15.69,14.77,20.02,14.97,11.86,7.27,51.3,46.59,60.14,60.68,90.56,50.68,50.87,52.4,50.79,41.26,32.38,50.91,26.03,26.03,20.89,20.89,11.09,5.69,18.01,18.77,19.49,22.88,21.61,15.59,18.43,14.34,11.86,7.27,82.24,82.24,62.89,62.89,53.82,53.82,52.3,52.3,13.45,11.31,85.45,93.03,90.56,50.68,56.73,60.44,45.02,44.36,59.69,46.25,41.37,41.37,42.2,31.33,42.96,29.97,41.69,41.84,24.6,52.02,40.16,49.79,26.03,26.03,20.89,20.89
591,PAN,Panama,62.71,53.78,66.96,62.87,78.88,75.14,43.45,39.18,53.1,45.36,59.87,47.73,86,86.48,27.05,25.89,63.08,43.08,54.32,30.27,46.87,17.55,78.12,78.12,11.23,11.23,47.2,37.86,100,100,100,100,42.73,37.25,44.18,41.11,53.1,45.36,84.27,84.23,93.8,93.8,86.61,86.61,92.29,92.24,66.06,56.03,80,95,27.05,25.89,55.31,33.83,70.85,52.33,44.8,35.72,21.77,21.77,99.29,22.04,92.49,31.78,61.75,41.23,45.54,16.51,48.2,18.6,78.12,78.12,11.23,11.23
598,PNG,Papua New Guinea,39.35,34.34,47.26,45.13,60,60,18.48,12.31,54.26,48.66,34.09,27.15,34.04,34.08,25.66,43.29,27.35,72.11,55.36,18.35,22.16,1.34,0,0,29.02,29.02,0,0,100,100,100,100,17.96,11.88,19,12.73,54.26,48.66,70.51,70.51,14.22,14.22,13.16,13.16,15.43,15.41,19.25,14.63,94.54,99.55,25.66,43.29,37.33,89.73,17.38,54.5,57.58,13.9,,,52.6,32.63,44.12,15.16,46.39,26.68,20.33,2.32,23.99,0.35,0,0,29.02,29.02
600,PRY,Paraguay,53.93,51.28,58.1,56.94,65.39,67.8,44.96,36.42,42.09,38.89,51.15,47.51,64.02,48.56,0,4.29,,,54.05,52.24,53.42,60.46,46.8,46.8,75.77,75.77,29.62,21.05,89.66,100,88.81,97.92,45.55,36.75,44.38,36.09,42.09,38.89,,,85.15,38.36,85.08,43.42,71.58,71.58,28.56,23.1,0,58.63,0,4.29,,,,,62.93,71.35,61.81,61.81,36.9,10.12,33.37,14.17,23.42,29.47,72.95,73.21,33.9,47.71,46.8,46.8,75.77,75.77
604,PER,Peru,61.92,57.55,56.49,52.53,58.21,56.37,50.38,42.22,70.87,64.51,65.53,60.89,83.52,75.02,25.55,39.16,85.72,61.56,58.04,53.02,57.76,58.21,88.49,88.49,29.7,29.7,34.33,24.87,74.87,78.45,73.39,76.3,46.13,39.52,54.63,44.92,70.87,64.51,76.49,72.9,90.29,85.36,90.11,81.68,82.45,65.87,82.17,46.78,74.39,91.82,25.55,39.16,97.65,95.4,73.79,27.73,53.43,64.79,51.04,51.04,75.12,30.54,70.38,34.49,51.57,51.7,62.83,46.79,52.7,69.64,88.49,88.49,29.7,29.7
608,PHL,Philippines,57.65,57.07,55.64,52.12,62.96,62,42.86,34.02,37.1,32.43,58.99,60.37,78.08,79.66,17.16,30.06,70.01,69.77,54.54,52.07,66.85,71.47,60.34,60.34,33.45,33.45,12.7,10.28,100,100,92.93,92.95,47.21,36.22,38.51,31.81,37.1,32.43,85.73,85.48,89.25,83.79,93.2,89.74,84.51,81.43,33.64,25.59,41.81,90.15,17.16,30.06,74.19,84.78,65.83,54.76,58.46,68.64,24.14,24.14,68.41,38.91,72.13,44.26,63.93,58.55,63.9,71.27,69.81,71.67,60.34,60.34,33.45,33.45
616,POL,Poland,64.11,66.4,58.71,62.56,53.04,60.45,69.23,67.99,69.29,57.47,67.72,68.96,96.37,95.55,14.26,19.26,42.66,58.22,64.33,59.96,72.3,79.3,92.35,92.35,43.37,43.37,55.34,45.03,46.57,67.57,56.44,73.89,72.23,70.19,66.24,65.79,69.29,57.47,100,100,100,100,100,100,99.99,99.98,71.28,61.76,92.42,93.79,14.26,19.26,34.07,16.45,51.26,100,69.2,74.75,38.61,38.61,84.34,50.4,74.68,35.87,28.19,59.85,95.38,85.01,49.21,73.59,92.35,92.35,43.37,43.37
620,PRT,Portugal,71.91,67.27,90.47,84.99,90.99,84.41,93.59,91.79,64.91,51.66,59.53,55.46,91.41,89.08,0,0,32.11,43.94,56.89,37.93,67.18,77.28,93.82,93.82,6.09,6.09,77.55,61.33,100,100,99.9,99.61,87.91,85.97,99.27,97.61,64.91,51.66,89.85,74.45,100,100,100,100,100,100,62,53.57,72.42,88.33,0,0,22.4,18.57,41.81,69.32,61.42,35.79,68.97,68.97,33.84,12.59,54.62,27.62,57.69,46.83,81.49,90.55,52.87,64.01,93.82,93.82,6.09,6.09
634,QAT,Qatar,67.8,55.59,74.18,70.9,76.29,73.71,72.9,70.08,54.44,39.25,63.54,45.38,43.71,39.94,,,63.62,40.8,68.68,37.25,86.88,49.98,96.13,96.13,19.76,19.76,100,100,55.46,46.84,65.52,65.52,75.97,72.73,69.83,67.43,54.44,39.25,69.46,69.46,23.92,12.82,23.92,12.82,61.03,54,4.21,1.93,76.21,99.24,,,70.67,81.6,56.57,0,58.05,4.69,49.02,49.02,100,77.39,98.08,97.71,98.96,94.84,97.71,97.71,76.04,2.25,96.13,96.13,19.76,19.76
178,COG,Republic of Congo,42.39,37.61,20.89,24.78,23.84,32.34,10.26,5.89,46.29,40,56.73,46.16,91,68.15,27.91,48.17,43.26,41.06,59.34,35.18,46.78,52.7,31.97,31.97,23.62,23.62,12.49,5.07,30.4,45.04,32.4,55.99,9.95,5.64,10.57,6.14,46.29,40,92.45,92.45,100,56.89,100,57.48,95.8,68.08,40.37,33.69,93.18,98.03,27.91,48.17,74.62,82.12,11.89,0,82.92,39.06,33.94,33.94,37.24,28.34,38.08,30.03,34.8,33.76,62.54,70.23,31.02,35.16,31.97,31.97,23.62,23.62
642,ROU,Romania,64.78,62.3,58.67,59.49,57.37,62.56,59.9,52.76,68.25,59.91,68.85,64.17,90.8,56.5,27.82,30.89,48.86,82.73,68.53,65.84,71.2,81.28,83.95,83.95,48.15,48.15,37.73,25.74,68.21,87.4,72.71,86.81,57.81,49.65,61.98,55.86,68.25,59.91,98.49,96.32,95.08,29.72,97.21,40.17,95.32,54.77,51.07,32.14,84.69,90.91,27.82,30.89,54.73,65.46,43,100,81.24,78.45,51.64,51.64,68.04,58.74,45.38,44.84,34.17,45.9,60.78,79.92,81.63,82.64,83.95,83.95,48.15,48.15
643,RUS,Russia,63.79,64.56,75.48,69.67,79.99,73.64,63.93,59.86,86.2,76.94,55.99,61.15,65.64,66.09,12.43,22.4,35.48,38.15,49.88,62.43,77.78,77.98,96.53,96.53,47.83,47.83,76.75,52.86,81.37,88.22,82.94,86.76,61.33,56.93,66.52,62.79,86.2,76.94,90.93,90.92,55.59,55.53,61.75,61.69,58.4,58.32,33.71,31.19,89.39,96.82,12.43,22.4,39.03,30.75,31.93,45.56,51.59,78.11,33.88,33.88,54.62,48.2,42.35,60.88,85.29,78.34,77.88,77.29,77.68,78.67,96.53,96.53,47.83,47.83
646,RWA,Rwanda,43.68,45.48,31.03,27.31,37.87,37.86,14.96,3.56,38.53,32.76,52.12,57.58,63.24,62.69,16.71,29.84,,,69.91,79.68,68.44,76.58,0,0,32.14,32.14,9.39,2.7,48.88,57.07,64.83,65.53,14.05,3.17,15.87,3.94,38.53,32.76,,,51.37,49.77,54.48,52.87,78.49,78.49,43.32,40.44,93.94,98.79,16.71,29.84,,,,,77.66,100,,,58.49,35.29,47.44,25.91,29.67,26.54,69.15,78.43,67.74,74.73,0,0,32.14,32.14
662,LCA,Saint Lucia,56.18,54.38,71.03,65.98,84.2,77.66,47.79,46.81,39.36,29.1,46.28,46.65,62.71,56.58,43.36,52.36,47.63,66.16,40.29,44.39,29.76,8.9,64.44,64.44,0,0,60.49,44.16,100,100,100,100,49.29,46.35,46.28,47.26,39.36,29.1,72.77,70.37,61.46,57.46,36.02,28.69,,,98.48,83.04,,,43.36,52.36,58.27,65.13,36.99,67.18,39.34,47.1,,,30.68,20.23,63.82,87.53,68.47,60,33.23,12.67,26.29,5.13,64.44,64.44,0,0
670,VCT,Saint Vincent and the Grenadines,66.48,60.05,67.38,63.56,79.96,75.14,47.25,45.78,24.52,19.69,65.88,57.71,85.1,83.43,100,100,79.13,32.56,55.95,46.26,32.99,31.13,64.44,64.44,3.22,3.22,49.91,37.84,100,100,100,100,47.65,45.46,46.85,46.09,24.52,19.69,72.24,72.24,80.73,80.73,94.88,94.88,,,100,88.29,,,100,100,58.27,65.13,100,0,52.5,37.58,,,61.72,60.78,75.58,91.59,61.42,64.38,35.55,32.55,30.44,29.72,64.44,64.44,3.22,3.22
882,WSM,Samoa,54.5,53.04,61.94,60.51,67.42,65.69,49.92,49.45,62.76,59.47,49.55,48.07,49.04,48.6,,,63.57,56.01,42.8,52.07,65.79,33.35,58.45,58.45,14.16,14.16,18.54,14.23,100,100,100,100,52.64,52.13,47.21,46.77,62.76,59.47,65.56,65.37,38.74,38.62,38.74,38.62,51.28,50.37,1.77,0,100,100,,,62.89,51.82,64.25,60.21,42.52,58.3,,,38.7,34.78,46.13,47.02,59.74,39.02,58.17,27.84,73.42,38.87,58.45,58.45,14.16,14.16
678,STP,SÃ£o TomÃ© and PrÃ­ncipe,54.01,36,52.73,45.88,64.07,62.29,29.32,11.09,45.76,41.28,54.87,29.41,75.47,16.88,,,65.57,49.33,55.13,32.9,41.99,42.29,26.32,26.32,11.81,11.81,12.74,5.72,100,100,96.57,100,30.4,10.54,28.24,11.64,45.76,41.28,42.39,42.39,100,0,100,0,,,43.55,33.37,,,,,91.72,83.69,39.41,14.96,52.28,24.05,,,66.31,57.35,50.06,31.46,55.35,60.41,51.52,51.31,32.46,33.27,26.32,26.32,11.81,11.81
682,SAU,Saudi Arabia,57.47,53.25,72.81,63.16,79.91,70.16,62.38,53.05,43.17,32.86,47.25,46.64,48.33,48.12,,,55.1,60.51,40.47,33.93,25.4,34.64,87.79,87.79,29.41,29.41,80.71,44.42,78.17,86.63,80.57,88,66.98,54.69,57.77,51.41,43.17,32.86,84.22,84.22,25.8,25.8,25.8,25.8,52.92,52.91,8.42,5.7,97.42,98.03,,,70.79,65.79,39.4,55.23,14.36,24.89,35.63,35.63,90.09,41.23,96.76,87.14,66.21,35.11,14.73,25.42,36.06,43.87,87.79,87.79,29.41,29.41
686,SEN,Senegal,49.52,47.37,47.55,44.88,63.78,62.47,13.67,8.08,39.92,37.11,50.83,49.04,91.67,91.51,9.88,28.29,68.72,42.46,38.73,33.77,28.39,33.59,42.69,42.69,26.49,26.49,9.45,6.17,100,100,100,100,13.34,8.49,14.01,7.66,39.92,37.11,82.4,82.4,100,100,100,100,98.83,98.83,57.28,53.72,96.97,98.94,9.88,28.29,71.79,58.26,65.66,26.67,40.07,33.94,37.11,37.11,42.45,32.17,28.21,14.06,27.47,44.79,30.39,33.18,26.4,34,42.69,42.69,26.49,26.49
688,SRB,Serbia,57.49,54.15,61.18,64.27,56.67,62.64,69.73,68.63,68.53,59.45,55.03,47.4,49.84,26.33,38.66,51.95,,,61.77,57.93,59.76,48.04,60.49,60.49,52.95,52.95,30.95,22.57,71.62,90.12,76.01,88.57,73.64,71.46,65.82,65.79,68.53,59.45,,,43.12,0,43.12,0,46.76,43.05,46.17,29.57,86.51,95,38.66,51.95,,,,,69.65,69.19,36.42,36.42,77.01,65.96,50.28,36.27,34.84,20.84,66.42,51.99,53.1,44.08,60.49,60.49,52.95,52.95
690,SYC,Seychelles,66.02,47.05,77.72,72.97,88.03,82.44,58.28,55.9,60.41,52.27,58.22,29.76,63.49,62.04,,,49.54,49.3,93.25,10.04,2.63,0,26.32,26.32,14.01,14.01,70.07,56.11,100,100,100,100,61.04,57.26,55.52,54.54,60.41,52.27,58.02,54.15,80.88,80.88,77.69,77.69,,,11.2,8.84,,,,,38.32,94.86,60.75,3.74,99.99,0,,,84.92,25.35,100,99.46,25.36,0,5.26,0,0,0,26.32,26.32,14.01,14.01
694,SLE,Sierra Leone,42.54,40.61,41.8,40.48,60.68,60,2.5,0,32.16,29.51,43.03,40.7,68.63,59.68,0,32.16,55.46,50.61,48.19,40.16,45.51,41.34,0,0,26.33,26.33,1.87,0,100,100,99.76,100,2.61,0,2.39,0,32.16,29.51,78.71,76.21,55.53,44.13,88.87,64.76,70.53,55.76,21.5,18.89,77.57,96.21,0,32.16,97.65,99.32,13.26,1.91,53.33,49.44,,,40.8,16.21,35.5,33.76,18.48,12.6,50.96,48.86,40.05,33.81,0,0,26.33,26.33
702,SGP,Singapore,64.23,73.64,72.14,91.01,58.99,88.69,99,99.76,81.96,68.54,58.96,62.07,21.46,21.1,,,74.01,91.35,67.64,76.61,97.76,82.37,100,100,4.59,4.59,100,100,32.16,76.04,31.15,86.28,100,100,98,99.53,81.96,68.54,18.5,18.5,26.56,26.56,26.56,26.56,,,7.03,4.47,,,,,68.93,82.7,79.09,100,59.13,79.36,41.49,41.49,99.14,97.71,99.49,98.21,99.53,83.6,95.96,81.13,99.56,83.61,100,100,4.59,4.59
703,SVK,Slovakia,70.6,70.92,63.87,68.72,59.42,68.7,69.62,67.24,87.21,77.98,75.08,72.39,94.31,93,17.09,20.68,,,74.21,66.24,79.51,78.89,89.95,89.95,61.53,61.53,63.46,54.74,50.78,76.33,62.69,79.68,74.12,72.16,65.12,62.31,87.21,77.98,,,100,100,100,100,100,100,68.25,52.64,86.21,91.36,17.09,20.68,,,,,78.21,81.45,54.92,54.92,76.29,43.52,98.23,35.26,79.02,81.28,70.22,79.51,88.81,78.27,89.95,89.95,61.53,61.53
705,SVN,Slovenia,67.57,72.43,72.34,72.76,71.25,72.73,70.59,70.08,97,89.27,64.4,72.2,95.78,93.69,30.87,47.95,,,51.16,58.08,49.85,87.49,88.5,88.5,34.85,34.85,63.65,50.83,73.59,87.59,79.02,87.08,74.59,74.2,66.59,65.95,97,89.27,,,100,100,100,100,100,100,82.47,55.14,83.78,94.39,30.87,47.95,,,,,46.12,62.68,52.46,52.46,67.47,54.88,40.66,44.05,41.59,61.31,61.75,99.84,37.94,75.14,88.5,88.5,34.85,34.85
90,SLB,Solomon Islands,43.22,36.31,49.67,47.59,60.53,60,28.02,22.55,38.33,36.56,38.93,28.78,26.66,24.17,15.28,38.38,50.27,75.74,63.2,28.5,59.13,19.42,0,0,16.68,16.68,1.33,0,100,100,100,100,27.07,21.56,28.98,23.54,38.33,36.56,63.51,52.25,10.06,3.62,10.06,3.62,14.36,10.62,8.68,4.04,61.96,97.42,15.28,38.38,68.43,99.23,32.12,52.26,69.97,33.05,,,43.28,15.83,70.97,25.37,40.27,18.64,53.11,19.78,65.16,19.06,0,0,16.68,16.68
710,ZAF,South Africa,44.73,40.64,36.81,37.43,41.14,46.76,24.71,15.81,53.22,45.73,50.01,42.78,64.24,52.66,0,0,59.24,43.54,44.63,31.94,34.67,45.13,87.8,87.8,47.76,47.76,32.9,19.48,43.56,62.72,49.69,67.19,24.48,16.17,24.93,15.45,53.22,45.73,100,73.89,41.34,30.39,51.64,40.64,63.1,59.93,35.28,19.31,95,97.58,0,0,62.82,87.07,55.66,0,46.34,31.88,26.06,26.06,59.48,26.6,52.6,40.66,34.42,68.77,31.66,38.55,37.68,51.7,87.8,87.8,47.76,47.76
410,KOR,South Korea,62.3,65.81,73.3,76.87,61.19,67.86,96.52,96.52,91.48,76.06,54.96,58.45,46.66,43.21,24.64,39.44,67.1,67.33,46.75,57.42,77.91,74.34,98.22,98.22,49.71,49.71,100,100,30.21,42.71,40.43,50.15,100,97.12,93.05,95.92,91.48,76.06,87.48,84.25,20.32,14.09,20.32,14.09,54.37,48.14,23.29,20.22,78.33,90.76,24.64,39.44,92.34,88.3,41.87,46.36,32.4,57.46,26.79,26.79,99.02,91.69,49.57,49.13,58.11,50.69,84.52,79.42,71.29,69.27,98.22,98.22,49.71,49.71
724,ESP,Spain,78.39,71.5,94.21,90.63,94.07,89.38,100,100,61.27,50.61,67.85,58.75,95.66,92.02,8.95,19.99,43.14,42.67,67.77,45.55,69.34,43.52,99.71,99.71,29.74,29.74,87.09,75.19,100,100,97.44,97.69,100,100,100,100,61.27,50.61,98.84,83.78,100,100,100,100,99.98,99.97,68.96,56.63,90,96.06,8.95,19.99,61.11,37.16,25.16,48.18,70.52,28.68,63.52,63.52,74.8,74.71,43.37,40.04,53.53,31.15,79.18,52.6,59.51,34.44,99.71,99.71,29.74,29.74
144,LKA,Sri Lanka,60.61,53.6,64.7,59.98,69.91,66.45,53.09,46.22,66.58,58.29,57.88,49.34,80.38,76.34,24.09,42.9,78.34,63.79,70.88,52.18,51.73,28.32,0,0,22.05,22.05,25.65,17.79,100,100,98.84,97.79,51.88,44.09,54.3,48.35,66.58,58.29,64.31,62.32,90.82,85.11,98.09,96.97,81.83,70.44,61.25,41.59,72.42,92.12,24.09,42.9,79.94,94.84,76.73,32.74,87.1,67.21,29.49,29.49,74.47,41.21,76.75,46.6,54.07,42.09,45.73,23.82,57.74,32.82,0,0,22.05,22.05
729,SDN,Sudan,51.49,38.17,50.09,45.19,64.56,62.13,24.46,14.8,15.78,7.16,52.43,33.5,40.13,25.37,74.65,51.42,78.4,37.43,72.11,45.22,48.28,40.73,0,0,12.62,12.62,11.49,5.34,100,100,99.87,100,23.17,14.02,25.74,15.58,15.78,7.16,100,52.05,11.68,0,12.88,0,22.05,22.04,13.11,7.91,95,97.58,74.65,51.42,56.8,74.86,100,0,75.99,37.09,90.82,90.82,53.04,25.15,53.55,25.3,53.25,44.38,50.83,45.91,45.72,35.54,0,0,12.62,12.62
740,SUR,Suriname,54.2,57.21,62.46,58.29,75.24,72.12,40.14,34.53,30.29,21.02,48.68,56.49,70.23,70.25,42.84,65.02,68.18,52.2,35.74,67.6,68.9,45.09,7.53,7.53,33.22,33.22,38.11,30.31,100,100,100,100,43.36,36.44,36.91,32.61,30.29,21.02,86.41,86.41,42.48,42.48,42.46,42.46,83.9,82.62,100,100,91.82,94.54,42.84,65.02,67.06,71.18,69.3,33.22,32.86,100,19.84,19.84,38.74,40.28,70.44,44.27,81.44,67.32,64.45,41.63,73.35,48.56,7.53,7.53,33.22,33.22
748,SWZ,Swaziland,40.32,39.68,32.54,30.07,42.3,41.88,9.36,3.42,44.73,36.42,45.51,46.09,34.9,33.64,6.05,0.94,,,62.49,69.41,48.33,41.14,64.23,64.23,32.45,32.45,15.38,3.01,54.85,66.19,65.66,69.4,9.03,3.32,9.68,3.53,44.73,36.42,,,23.75,23.35,20.66,20.36,31.63,31.63,51.18,38.87,75.9,79.54,6.05,0.94,,,,,67.09,81.96,,,52.96,39.09,55.7,44.95,43.06,39.32,47.69,29.76,48.98,52.53,64.23,64.23,32.45,32.45
752,SWE,Sweden,80.51,79.89,94.41,92.82,92.84,90.67,96.88,97.53,100,92.61,71.24,71.27,81,78.03,5.53,9.96,53.76,55.2,86.8,83.59,64.17,75.68,98.49,98.49,55.12,55.12,82.42,76.68,100,100,99.57,100,95.62,95.18,98.14,99.88,100,92.61,98.67,95.61,70.9,61.65,77.5,70.28,98.58,94.42,49.34,43.67,69.39,92.73,5.53,9.96,49.6,67.99,57.91,42.42,82.47,76.53,95.16,95.16,99.21,98.83,50.29,45.1,83.53,85.43,64.13,72.83,64.2,78.53,98.49,98.49,55.12,55.12
756,CHE,Switzerland,87.42,80.15,93.57,88.03,91.06,83.88,99.99,98.68,87.77,78.02,83.32,74.91,84.2,77.79,47.4,41.74,,,90.55,72.5,98.7,98.83,99.67,99.67,43.87,43.87,88.17,77.51,93.86,88.03,92.1,88.22,100,97.35,99.98,100,87.77,78.02,,,63.66,54.34,80.35,70.78,99.99,98.53,100,85.01,85.6,90,47.4,41.74,,,,,85,50.26,94.36,94.36,99.07,98.24,89.15,78.62,98.22,98.43,98.7,98.89,98.7,98.77,99.67,99.67,43.87,43.87
158,TWN,Taiwan,72.84,66.45,69.85,63.6,69.04,60.79,69.71,68.77,81.17,69.11,74.83,68.35,83.03,80.93,51.05,53.67,65.71,53.53,82.23,75.47,89.75,60.05,71.26,71.26,32.51,32.51,65.32,52.41,67.35,63.42,75.7,69.33,74.41,71.45,65.01,66.08,81.17,69.11,82.23,60.36,100,100,99.99,99.99,82.7,82.7,31.09,25.86,69.39,97.27,51.05,53.67,82.03,72.33,49.4,34.73,87.88,76.59,43.81,43.81,100,100,97.73,71.01,92.72,97.1,79.72,51.48,99.79,68.62,71.26,71.26,32.51,32.51
762,TJK,Tajikistan,47.85,48,26.26,21.92,23.22,21.05,29.9,21.43,44.01,36.08,62.24,65.39,67.01,66.31,85.43,52.96,,,60.73,72.85,49.45,75.66,58.85,58.85,33.47,33.47,17,9.29,26.88,27.31,27.86,30.47,26.96,19.3,32.84,23.57,44.01,36.08,,,63.98,63.79,71.51,71.35,66.05,63.48,39.79,35.03,93.18,98.18,85.43,52.96,,,,,55.36,75.22,99.85,99.85,47.58,51.69,40.44,39.37,30.79,59.22,38.33,59.13,60.58,92.2,58.85,58.85,33.47,33.47
834,TZA,Tanzania,50.83,48.11,45,42.43,60.55,59.67,11.8,5.86,42.14,37.79,54.71,51.9,95.03,95.42,11.8,23.64,49.26,47.62,43.1,31.72,50.76,45.61,54.03,54.03,28.76,28.76,7.64,3.08,100,100,91.65,94.81,11.43,5.25,12.18,6.46,42.14,37.79,88.8,88.79,99.43,99.31,98.95,98.74,96.48,96.14,99.53,92.18,83.48,96.06,11.8,23.64,81.96,86.59,16.56,8.64,44.54,33.97,38.28,38.28,51.09,26.1,35.69,18.58,23.52,18.52,57.1,51.67,44.42,39.55,54.03,54.03,28.76,28.76
764,THA,Thailand,49.88,47.71,46.21,40.73,37.9,33.08,59.37,52.78,75.36,67.86,52.33,52.36,74.91,75.11,11.07,22.44,48.25,54.27,45.75,37.03,48.79,57.43,77.05,77.05,27.17,27.17,42.83,27.5,32.17,34.12,37.04,39.46,71.37,61.76,47.37,43.8,75.36,67.86,87.79,87.66,77.43,75.48,62,58.32,96.64,95.08,31.87,28.23,69.54,89.85,11.07,22.44,38.75,52.82,57.75,55.71,44.78,42.53,35.39,35.39,58.97,23.34,47.27,29.19,42.38,51.16,55.75,65.6,41.83,49.27,77.05,77.05,27.17,27.17
626,TLS,Timor-Leste,49.54,36.57,51.02,44.42,64.77,62.1,22.86,7.88,41.17,33.9,48.56,31.33,73.47,29.24,33.68,33.82,63.43,87.78,45.01,21.98,17.85,0.73,37.28,37.28,29.38,29.38,11.92,5.25,100,100,100,100,21,6.13,24.73,9.63,41.17,33.9,81.38,11.48,79.22,23.53,79.22,23.53,60.37,27.9,34.94,19.64,99.39,99.85,33.68,33.82,89.87,89.64,36.99,85.92,40.45,26.32,,,57.33,10.45,61.65,13.97,42.9,15.45,22.73,1.46,12.97,0,37.28,37.28,29.38,29.38
768,TGO,Togo,41.78,39.65,38.25,38.78,50.08,53.96,12.92,6.68,36.36,33.96,44.14,40.23,68.43,53.71,18.44,18.39,59.63,74.25,43.04,39.39,49.44,43.63,0,0,27.3,27.3,5.62,2.28,80.11,88.44,79.34,88.4,12.79,6.56,13.06,6.8,36.36,33.96,0,0,98.47,67.05,98.29,67.32,73.62,60.95,51.29,49.29,92.27,97.12,18.44,18.39,74.62,82.12,44.65,66.39,26.75,29.42,99.18,99.18,41.09,19.53,27.39,15.14,4.87,3.51,75.24,54.39,23.64,32.87,0,0,27.3,27.3
776,TON,Tonga,62.49,60.12,62.51,60.05,68.96,66.44,46.97,44.66,71.83,69.25,62.48,60.18,82.75,80.8,,,76.86,98.63,49.38,34.58,63.12,69.92,58.45,58.45,17.69,17.69,22.41,16.11,100,100,100,100,48.3,44.89,45.63,44.44,71.83,69.25,86.11,86.1,100,97.91,100,97.91,,,7.06,1.77,,,,,53.71,97.26,100,100,54.8,36.95,,,34.84,22.37,16.58,15.42,64.38,69.38,65.15,69.04,61.09,70.79,58.45,58.45,17.69,17.69
780,TTO,Trinidad and Tobago,67.36,69.1,81.44,78.37,93.91,90.51,56.29,55.05,70.35,60.58,57.96,62.92,88.93,86.52,26.89,26.26,59.23,47.9,50.02,69.16,50.27,60.49,70.83,70.83,0,0,84.77,76.27,100,100,100,100,58.48,56.96,54.11,53.14,70.35,60.58,61.59,50.58,99.14,96.33,97.69,90.14,100,100,100,100,72.42,91.06,26.89,26.26,65.39,72.98,53.08,22.83,29.99,64.01,44.49,44.49,98.85,99.58,75.46,78.35,51.8,88.42,84.28,77.77,16.26,43.21,70.83,70.83,0,0
788,TUN,Tunisia,62.35,57.18,81.12,73.29,95.45,84.51,57.6,56.38,36.02,28.81,49.83,46.44,47.41,34.89,7.91,26.45,58.12,59.04,51.3,47.12,63.53,54.05,88.17,88.17,16.25,16.25,88.68,61.27,100,100,99.93,100,59.72,58.44,55.48,54.32,36.02,28.81,82.52,68.41,32.01,16.18,36.82,29.87,37.46,12.12,5.71,0.24,90.76,95.45,7.91,26.45,93.62,84.84,22.61,33.25,44.4,44.72,43.55,43.55,73.33,56.54,59.04,45.39,55.41,49.49,56.64,48.08,70.42,60.02,88.17,88.17,16.25,16.25
792,TUR,Turkey,52.96,51.13,71.56,65.12,78.2,74.35,59.28,47.87,58.96,48.65,40.57,41.8,25.16,25.05,27.39,28.94,38.64,57.17,39.99,39.36,44.41,38.85,92.21,92.21,40.25,40.25,73.23,49.25,80.3,91.41,82.71,90.73,62.62,49.92,55.93,45.82,58.96,48.65,69.03,66.83,1.35,1.03,1.52,1.27,2.61,2.45,15.74,10.81,86.82,96.51,27.39,28.94,12.28,71.24,65.01,43.1,32.53,41.11,34.01,34.01,61.03,36.84,59.95,53.73,34.52,39.03,42.91,43.64,45.91,34.06,92.21,92.21,40.25,40.25
795,TKM,Turkmenistan,66.1,49.42,73.53,64.37,87.82,82.46,45.96,28.49,53.27,44.53,61.15,39.44,29.04,28.49,,,,,81.39,27.79,72.26,60.75,74.79,74.79,50.83,50.83,77.42,57.71,96.24,100,93.26,97.94,42.75,26.34,49.17,30.63,53.27,44.53,,,18.84,17.83,22.01,21.23,25.3,24.74,3.62,2.27,96.36,98.03,,,,,,,93.12,38.58,28.71,28.71,100,1.74,100,15.05,81.78,33.22,79.26,71.67,65.26,49.83,74.79,74.79,50.83,50.83
800,UGA,Uganda,44.28,45.78,33.64,38.05,42.43,51.18,13.1,9.91,42.43,36.26,51.38,50.93,89.54,86.89,10.47,27,,,38.87,36.58,57.53,50.54,40.84,40.84,26.17,26.17,8.29,4.19,61.6,81.72,68.79,83.28,12.04,9,14.17,10.82,42.43,36.26,,,95.41,88.8,95.56,89.16,96.45,95.77,54.85,51.27,86.66,96.36,10.47,27,,,,,40.73,37.55,,,40.31,42.92,26.86,22.22,19.2,11.9,56.91,51.56,58.15,49.52,40.84,40.84,26.17,26.17
804,UKR,Ukraine,52.87,57.12,64.44,67.75,64.21,70.18,60.89,60.45,88.71,79.95,45.16,50.03,49.1,48.77,14.08,22.82,54.32,44.37,37.59,52.29,40.18,46.8,78.76,78.76,57.55,57.55,50.4,35.49,70.56,95.11,76.29,91.52,58.25,58.17,63.53,62.74,88.71,79.95,91.87,91.87,25.85,25.77,29.25,29.2,43.82,43.68,25.52,20.34,83.94,86.36,14.08,22.82,66.89,73.72,41.75,15.03,33.77,51.72,43.27,43.27,39.73,59.48,17.83,58.89,64.19,58.6,30.38,42.29,49.99,51.31,78.76,78.76,57.55,57.55
784,ARE,United Arab Emirates,58.9,53.52,67.88,62.5,72.93,66.06,63.27,61.25,29.81,23.66,52.92,47.53,74.67,39.7,,,56.76,62.1,27.12,37.71,54.55,56.46,96.87,96.87,0,0,81.55,67.9,65.14,61.79,69.24,67.89,67.63,65.5,58.9,57,29.81,23.66,100,62.34,71.92,2.33,71.99,2.33,82.54,80.04,12.77,10.06,81.06,92.88,,,67.67,73.78,45.85,50.42,0,35.25,53.57,53.57,48.95,22.01,33,6.83,99.34,92.46,86.17,90.71,22.93,22.21,96.87,96.87,0,0
826,GBR,United Kingdom,79.89,77.24,96.03,89.97,94.43,86.88,100,97.9,93.09,82.63,69.13,68.76,96.69,93.6,6.9,17.97,42.16,36.93,63.06,62.23,82.87,83.5,99.82,99.82,57.34,57.34,87.89,76.55,100,95.81,97.57,91.71,100,100,100,95.8,93.09,82.63,100,88.33,100,100,100,100,100,100,74.95,65.74,91.97,93.64,6.9,17.97,77.46,65.9,6.87,7.96,57.11,54.65,44.58,44.58,93.06,91.49,50.07,64.56,89.4,89.14,73.91,84.21,91.84,82.79,99.82,99.82,57.34,57.34
840,USA,United States of America,71.19,70.7,93.91,92.6,97.52,97.29,90.92,89,64.99,53.22,56.04,56.1,70.93,71.21,8.84,7.02,57.58,49.49,45.81,47.41,50.46,55.47,92.57,92.57,72.38,72.38,100,97,99.01,100,92.71,94.97,81.84,79.53,100,98.48,64.99,53.22,100,100,59.25,57.71,69.44,67.42,71.81,71.57,24.61,22.15,83.71,96.51,8.84,7.02,66.91,79.3,48.26,19.68,44.04,52.56,46.3,46.3,43.07,36.69,43.2,35.77,75.21,54.95,47.64,59.27,53.29,51.67,92.57,92.57,72.38,72.38
858,URY,Uruguay,64.65,56.28,84.72,78.31,87.49,83.07,83.37,72.99,56.76,48.39,51.27,41.59,49.7,47.34,0,10.21,61.37,52.44,79.01,38.7,0.01,28.79,58.85,58.85,62.38,62.38,69.63,58.19,100,100,98.79,99.3,89.27,75.76,77.47,70.22,56.76,48.39,83.42,81.68,48.98,42.26,48.98,42.27,26.52,23.33,9.38,4.27,71.81,90,0,10.21,58.69,64.64,64.05,40.23,70.93,37.04,94.25,94.25,100,0,83.62,0,10.31,26.52,0,20.65,0.01,36.93,58.85,58.85,62.38,62.38
860,UZB,Uzbekistan,45.88,38.67,50.67,47.24,44.79,43.82,64.12,56.02,46.3,39.07,42.69,32.96,30.96,26.33,64.55,39.25,,,49.18,37.41,71.45,56.12,0,0,46.47,46.47,29.65,19.26,50.68,54.82,59.09,65.57,57.31,49.99,70.93,62.06,46.3,39.07,,,19.81,13.65,38.39,25.79,27.17,21.7,2.12,0.91,74.84,87.42,64.55,39.25,,,,,47.88,38.19,40.59,40.59,50,14.79,46.19,53.04,96.24,91.67,75.64,61.39,67.26,50.84,0,0,46.47,46.47
548,VUT,Vanuatu,44.55,51.53,50.46,47.84,61.05,60,28.73,22.93,43.22,39.21,40.61,53.99,35.58,35.22,41.31,69.21,52.07,60.85,28.41,74.75,73.32,32.34,58.45,58.45,13.48,13.48,2.62,0,100,100,100,100,28.31,22.32,29.14,23.55,43.22,39.21,48.05,48.05,22.42,22.42,22.42,22.42,27.85,27.85,15.41,11.59,98.94,99.09,41.31,69.21,59.19,96.31,44.94,25.39,25.31,98.17,,,28.92,14.37,26.86,18.1,71.39,45.08,65.42,27.17,81.21,37.51,58.45,58.45,13.48,13.48
862,VEN,Venezuela,63.89,58.34,75.74,70.6,90.39,85.45,50.39,44.81,37.32,32.31,55.99,50.17,96.21,96.17,32.23,34.06,56.16,57.32,37.8,24.58,27.99,6.57,80.74,80.74,17.6,17.6,76.03,63.64,100,100,99.93,100,52.4,47.12,48.38,42.51,37.32,32.31,88.77,88.77,99.95,99.95,99.99,99.99,97.87,97.87,100,93.97,88.94,94.54,32.23,34.06,12.32,71.97,100,42.68,29.39,33.91,23.02,23.02,70.54,11.72,56.58,0.07,31.3,13.54,32.47,0,23.52,13.14,80.74,80.74,17.6,17.6
704,VNM,Viet Nam,46.96,40.53,47.12,39.97,43.2,36.32,53.92,46.35,57.15,49.12,46.86,40.91,74.87,59.82,0,19.97,67.22,61.89,44.62,30.41,24.5,30.54,33.06,33.06,45.6,45.6,24.93,14.22,51.46,48.71,59.32,53.39,52.26,43.21,55.58,49.5,57.15,49.12,88.54,83.17,83.3,44.17,86.31,37.96,78.44,78.13,36.84,25.46,38.63,85.91,0,19.97,98.27,99.24,36.16,24.54,30.06,15.85,54.23,54.23,68.64,37.59,61.69,44.17,38.7,38.36,27.96,31.42,21.04,29.66,33.06,33.06,45.6,45.6
894,ZMB,Zambia,50.97,50.44,31.57,29.29,41.66,43.08,9.08,0,35.26,25.78,63.91,64.54,98.75,99.25,16.5,34.32,,,51.67,59.5,77.09,40.23,65.61,65.61,28.2,28.2,5.57,0,62.38,71.04,69.06,72.57,8.97,0,9.19,0,35.26,25.78,,,100,100,100,100,99.17,99.16,100,97.76,91.67,97.88,16.5,34.32,,,,,61.2,89.48,45.83,45.83,40.34,16.29,37.72,15.81,38.97,30.88,68.5,18.87,85.68,61.6,65.61,65.61,28.2,28.2
716,ZWE,Zimbabwe,43.41,41.68,40.58,40.02,53.52,53.26,12.19,11.86,42.65,36.9,45.3,42.78,94.53,93.01,6.94,11.43,,,24.89,16.52,8.21,9.97,75.44,75.44,12.22,12.22,9.72,5.44,80.77,84.05,84.66,86.24,12.49,12.23,11.9,11.48,42.65,36.9,,,99.74,99.74,99.12,99.12,93.8,93.8,79.89,64.63,91.06,94.09,6.94,11.43,,,,,24.28,19.02,17.73,17.73,39.34,14.77,26.51,8.63,0.18,1.51,7.25,7.63,9.16,12.31,75.44,75.44,12.22,12.22
